annee;date;parcelle;exploitation;culture;situation;masse_C[kg/ha];masse_N[kg/ha];ratio_CN;nom_produit;type_residu;type_pool;Kres;Hres;CNbio;Yres
2020;192;beauce_5_sa_000;organique_beauce_5;orgeh;incorpore;644.0;6.843542710243253;94.10330690799606;racines post recolte;residus racinaires;labile;0.0;0.0;0.0;0.0
2020;192;beauce_5_sa_000;organique_beauce_5;orgeh;surface;1899.4341649438488;20.184563405416856;94.10330690799607;aerien post recolte;residus aeriens;labile;0.0;0.0;0.0;0.0
2020;291;beauce_5_sa_001;organique_beauce_5;orgeh;incorpore;644.0;6.848423922411475;94.03623480323834;racines post recolte;residus racinaires;labile;0.0;0.0;0.0;0.0
2020;291;beauce_5_sa_001;organique_beauce_5;orgeh;surface;1902.5363831076015;20.231949812627796;94.03623480323834;aerien post recolte;residus aeriens;labile;0.0;0.0;0.0;0.0
2020;215;beauce_5_sa_002;organique_beauce_5;orgeh;incorpore;644.0;6.850429008673938;94.00871086826449;racines post recolte;residus racinaires;labile;0.0;0.0;0.0;0.0
2020;215;beauce_5_sa_002;organique_beauce_5;orgeh;surface;1903.8089509711872;20.251410038363538;94.0087108682645;aerien post recolte;residus aeriens;labile;0.0;0.0;0.0;0.0
2020;111;beauce_5_sa_003;organique_beauce_5;orgeh;incorpore;644.0;6.2417016252571775;103.1769922153985;racines post recolte;residus racinaires;labile;0.0;0.0;0.0;0.0
2020;111;beauce_5_sa_003;organique_beauce_5;orgeh;surface;1477.1000578688368;14.31617675755806;103.1769922153985;aerien post recolte;residus aeriens;labile;0.0;0.0;0.0;0.0
2020;100;beauce_5_sa_004;organique_beauce_5;orgeh;incorpore;644.0;6.350659459182461;101.40679155277898;racines post recolte;residus racinaires;labile;0.0;0.0;0.0;0.0
2020;100;beauce_5_sa_004;organique_beauce_5;orgeh;surface;1558.3134801806593;15.366953793914355;101.406791552779;aerien post recolte;residus aeriens;labile;0.0;0.0;0.0;0.0
2020;95;beauce_5_sa_005;organique_beauce_5;orgeh;incorpore;644.0;6.357126318697943;101.3036343333041;racines post recolte;residus racinaires;labile;0.0;0.0;0.0;0.0
2020;95;beauce_5_sa_005;organique_beauce_5;orgeh;surface;1563.0874426313237;15.429727204934546;101.30363433330412;aerien post recolte;residus aeriens;labile;0.0;0.0;0.0;0.0
2020;109;beauce_5_sa_006;organique_beauce_5;orgeh;incorpore;644.0;6.226183744949809;103.43414624124483;racines post recolte;residus racinaires;labile;0.0;0.0;0.0;0.0
2020;109;beauce_5_sa_006;organique_beauce_5;orgeh;surface;1465.4323240667443;14.167780924578237;103.43414624124483;aerien post recolte;residus aeriens;labile;0.0;0.0;0.0;0.0
2020;114;beauce_5_sa_007;organique_beauce_5;orgeh;incorpore;644.0;6.208239153391938;103.73311724760856;racines post recolte;residus racinaires;labile;0.0;0.0;0.0;0.0
2020;114;beauce_5_sa_007;organique_beauce_5;orgeh;surface;1451.9150673767533;13.996639702931763;103.73311724760855;aerien post recolte;residus aeriens;labile;0.0;0.0;0.0;0.0
2020;263;beauce_5_sa_008;organique_beauce_5;orgeh;incorpore;644.0;6.818694558212811;94.44623080004823;racines post recolte;residus racinaires;labile;0.0;0.0;0.0;0.0
2020;263;beauce_5_sa_008;organique_beauce_5;orgeh;surface;1883.548868163521;19.943081393593946;94.44623080004821;aerien post recolte;residus aeriens;labile;0.0;0.0;0.0;0.0
2020;123;beauce_5_sa_009;organique_beauce_5;orgeh;incorpore;644.0;6.176943845845409;104.25867808935193;racines post recolte;residus racinaires;labile;0.0;0.0;0.0;0.0
2020;123;beauce_5_sa_009;organique_beauce_5;orgeh;surface;1428.285252315434;13.699437576710524;104.25867808935193;aerien post recolte;residus aeriens;labile;0.0;0.0;0.0;0.0
2020;132;beauce_5_sa_010;organique_beauce_5;orgeh;incorpore;644.0;6.171379024980879;104.35268963276735;racines post recolte;residus racinaires;labile;0.0;0.0;0.0;0.0
2020;132;beauce_5_sa_010;organique_beauce_5;orgeh;surface;1424.0769979607505;13.646768501820983;104.35268963276735;aerien post recolte;residus aeriens;labile;0.0;0.0;0.0;0.0
2020;241;beauce_5_sa_011;organique_beauce_5;orgeh;incorpore;644.0;6.8184784657244135;94.4492240075704;racines post recolte;residus racinaires;labile;0.0;0.0;0.0;0.0
2020;241;beauce_5_sa_011;organique_beauce_5;orgeh;surface;1883.410040448168;19.940979507647484;94.4492240075704;aerien post recolte;residus aeriens;labile;0.0;0.0;0.0;0.0
2020;184;beauce_5_sa_012;organique_beauce_5;orgeh;incorpore;644.0;6.839517481229181;94.15868908405245;racines post recolte;residus racinaires;labile;0.0;0.0;0.0;0.0
2020;184;beauce_5_sa_012;organique_beauce_5;orgeh;surface;1896.871423397322;20.145474006164694;94.15868908405245;aerien post recolte;residus aeriens;labile;0.0;0.0;0.0;0.0
2020;136;beauce_5_sa_013;organique_beauce_5;orgeh;incorpore;644.0;6.168799056761592;104.39633291250014;racines post recolte;residus racinaires;labile;0.0;0.0;0.0;0.0
2020;136;beauce_5_sa_013;organique_beauce_5;orgeh;surface;1422.1253687236183;13.622368995619548;104.39633291250013;aerien post recolte;residus aeriens;labile;0.0;0.0;0.0;0.0
2020;196;beauce_5_sa_014;organique_beauce_5;orgeh;incorpore;644.0;6.86607463985921;93.79449449346582;racines post recolte;residus racinaires;labile;0.0;0.0;0.0;0.0
2020;196;beauce_5_sa_014;organique_beauce_5;orgeh;surface;1913.7036695655172;20.403155642561035;93.79449449346582;aerien post recolte;residus aeriens;labile;0.0;0.0;0.0;0.0
2020;254;beauce_5_sa_015;organique_beauce_5;orgeh;incorpore;644.0;6.848751261005159;94.0317403066969;racines post recolte;residus racinaires;labile;0.0;0.0;0.0;0.0
2020;254;beauce_5_sa_015;organique_beauce_5;orgeh;surface;1902.7442046978076;20.23512697405958;94.03174030669689;aerien post recolte;residus aeriens;labile;0.0;0.0;0.0;0.0
2020;259;beauce_5_sa_016;organique_beauce_5;orgeh;incorpore;644.0;6.81917953904538;94.43951377325868;racines post recolte;residus racinaires;labile;0.0;0.0;0.0;0.0
2020;259;beauce_5_sa_016;organique_beauce_5;orgeh;surface;1883.8603994708296;19.947798587716367;94.43951377325867;aerien post recolte;residus aeriens;labile;0.0;0.0;0.0;0.0
2020;135;beauce_5_sa_017;organique_beauce_5;orgeh;incorpore;644.0;6.154556800874036;104.63791639855249;racines post recolte;residus racinaires;labile;0.0;0.0;0.0;0.0
2020;135;beauce_5_sa_017;organique_beauce_5;orgeh;surface;1411.3454388548128;13.487897001687017;104.63791639855248;aerien post recolte;residus aeriens;labile;0.0;0.0;0.0;0.0
2020;175;beauce_5_sa_018;organique_beauce_5;orgeh;incorpore;644.0;6.6836539009688;96.35448057935074;racines post recolte;residus racinaires;labile;0.0;0.0;0.0;0.0
2020;175;beauce_5_sa_018;organique_beauce_5;orgeh;surface;1794.5619726887178;18.624582498899397;96.35448057935075;aerien post recolte;residus aeriens;labile;0.0;0.0;0.0;0.0
2020;140;beauce_5_sa_019;organique_beauce_5;orgeh;incorpore;644.0;6.499471698140131;99.08497642728179;racines post recolte;residus racinaires;labile;0.0;0.0;0.0;0.0
2020;140;beauce_5_sa_019;organique_beauce_5;orgeh;surface;1666.5058890411456;16.818956305290037;99.08497642728177;aerien post recolte;residus aeriens;labile;0.0;0.0;0.0;0.0
2020;246;beauce_5_sa_020;organique_beauce_5;orgeh;incorpore;644.0;6.830397545706995;94.28440961020833;racines post recolte;residus racinaires;labile;0.0;0.0;0.0;0.0
2020;246;beauce_5_sa_020;organique_beauce_5;orgeh;surface;1891.0498992268983;20.056867376535504;94.28440961020834;aerien post recolte;residus aeriens;labile;0.0;0.0;0.0;0.0
2020;249;beauce_5_sa_021;organique_beauce_5;orgeh;incorpore;644.0;6.8624892931740495;93.84349796225854;racines post recolte;residus racinaires;labile;0.0;0.0;0.0;0.0
2020;249;beauce_5_sa_021;organique_beauce_5;orgeh;surface;1911.4417035631504;20.368397865261624;93.84349796225854;aerien post recolte;residus aeriens;labile;0.0;0.0;0.0;0.0
2020;283;beauce_5_sa_022;organique_beauce_5;orgeh;incorpore;644.0;6.834881628113326;94.22255351886281;racines post recolte;residus racinaires;labile;0.0;0.0;0.0;0.0
2020;283;beauce_5_sa_022;organique_beauce_5;orgeh;surface;1893.9148432479103;20.100440632494212;94.2225535188628;aerien post recolte;residus aeriens;labile;0.0;0.0;0.0;0.0
2020;270;beauce_5_sa_023;organique_beauce_5;orgeh;incorpore;644.0;6.844693811729396;94.0874811516639;racines post recolte;residus racinaires;labile;0.0;0.0;0.0;0.0
2020;270;beauce_5_sa_023;organique_beauce_5;orgeh;surface;1900.1662827046127;20.195739746094898;94.08748115166388;aerien post recolte;residus aeriens;labile;0.0;0.0;0.0;0.0
2020;153;beauce_5_sa_024;organique_beauce_5;orgeh;incorpore;644.0;6.318849016040312;101.91729512213612;racines post recolte;residus racinaires;labile;0.0;0.0;0.0;0.0
2020;153;beauce_5_sa_024;organique_beauce_5;orgeh;surface;1534.7484432406577;15.058763494473029;101.91729512213614;aerien post recolte;residus aeriens;labile;0.0;0.0;0.0;0.0
2020;173;beauce_5_sa_025;organique_beauce_5;orgeh;incorpore;644.0;6.832515474648277;94.255183524945;racines post recolte;residus racinaires;labile;0.0;0.0;0.0;0.0
2020;173;beauce_5_sa_025;organique_beauce_5;orgeh;surface;1892.4037056137404;20.07744969392488;94.255183524945;aerien post recolte;residus aeriens;labile;0.0;0.0;0.0;0.0
2020;162;beauce_5_sa_026;organique_beauce_5;orgeh;incorpore;644.0;6.8231131454252125;94.38506826342044;racines post recolte;residus racinaires;labile;0.0;0.0;0.0;0.0
2020;162;beauce_5_sa_026;organique_beauce_5;orgeh;surface;1886.3850037921886;19.986053286812844;94.38506826342044;aerien post recolte;residus aeriens;labile;0.0;0.0;0.0;0.0
2020;223;beauce_5_sa_027;organique_beauce_5;orgeh;incorpore;644.0;6.812365014541239;94.5339832239404;racines post recolte;residus racinaires;labile;0.0;0.0;0.0;0.0
2020;223;beauce_5_sa_027;organique_beauce_5;orgeh;surface;1879.4776358164002;19.881502627093667;94.53398322394042;aerien post recolte;residus aeriens;labile;0.0;0.0;0.0;0.0
2020;183;beauce_5_sa_028;organique_beauce_5;orgeh;incorpore;644.0;6.811730212436547;94.54279308129587;racines post recolte;residus racinaires;labile;0.0;0.0;0.0;0.0
2020;183;beauce_5_sa_028;organique_beauce_5;orgeh;surface;1879.0687712619708;19.875325342315506;94.54279308129587;aerien post recolte;residus aeriens;labile;0.0;0.0;0.0;0.0
2020;113;beauce_5_sa_029;organique_beauce_5;orgeh;incorpore;644.0;6.234786760610282;103.29142354452603;racines post recolte;residus racinaires;labile;0.0;0.0;0.0;0.0
2020;113;beauce_5_sa_029;organique_beauce_5;orgeh;surface;1471.9034362767718;14.250006300303099;103.29142354452603;aerien post recolte;residus aeriens;labile;0.0;0.0;0.0;0.0
2020;114;beauce_5_sa_030;organique_beauce_5;orgeh;incorpore;644.0;6.210200475911086;103.70035597047615;racines post recolte;residus racinaires;labile;0.0;0.0;0.0;0.0
2020;114;beauce_5_sa_030;organique_beauce_5;orgeh;surface;1453.3937078703134;14.015320335873291;103.70035597047614;aerien post recolte;residus aeriens;labile;0.0;0.0;0.0;0.0
2020;140;beauce_5_sa_031;organique_beauce_5;orgeh;incorpore;644.0;6.23396810807124;103.30498790428534;racines post recolte;residus racinaires;labile;0.0;0.0;0.0;0.0
2020;140;beauce_5_sa_031;organique_beauce_5;orgeh;surface;1471.2879270185163;14.24217704165167;103.30498790428534;aerien post recolte;residus aeriens;labile;0.0;0.0;0.0;0.0
2020;137;beauce_5_sa_032;organique_beauce_5;orgeh;incorpore;644.0;6.176642673093492;104.26376173667512;racines post recolte;residus racinaires;labile;0.0;0.0;0.0;0.0
2020;137;beauce_5_sa_032;organique_beauce_5;orgeh;surface;1428.0575439424033;13.696585660788404;104.26376173667514;aerien post recolte;residus aeriens;labile;0.0;0.0;0.0;0.0
2020;232;beauce_5_sa_033;organique_beauce_5;orgeh;incorpore;644.0;6.88231785055918;93.57312666802737;racines post recolte;residus racinaires;labile;0.0;0.0;0.0;0.0
2020;232;beauce_5_sa_033;organique_beauce_5;orgeh;surface;1923.910235650672;20.560499623745557;93.57312666802736;aerien post recolte;residus aeriens;labile;0.0;0.0;0.0;0.0
2020;244;beauce_5_sa_034;organique_beauce_5;orgeh;incorpore;644.0;6.859309479138708;93.88700159376161;racines post recolte;residus racinaires;labile;0.0;0.0;0.0;0.0
2020;244;beauce_5_sa_034;organique_beauce_5;orgeh;surface;1909.4328438469877;20.337563362699417;93.8870015937616;aerien post recolte;residus aeriens;labile;0.0;0.0;0.0;0.0
2020;310;beauce_5_sa_035;organique_beauce_5;orgeh;incorpore;644.0;6.870000336243057;93.74089788650276;racines post recolte;residus racinaires;labile;0.0;0.0;0.0;0.0
2020;310;beauce_5_sa_035;organique_beauce_5;orgeh;surface;1916.1765978895498;20.441201664289256;93.74089788650278;aerien post recolte;residus aeriens;labile;0.0;0.0;0.0;0.0
2020;177;beauce_5_sa_036;organique_beauce_5;orgeh;incorpore;644.0;6.831514464057064;94.26899458213906;racines post recolte;residus racinaires;labile;0.0;0.0;0.0;0.0
2020;177;beauce_5_sa_036;organique_beauce_5;orgeh;surface;1891.7639880760582;20.067722122863145;94.26899458213907;aerien post recolte;residus aeriens;labile;0.0;0.0;0.0;0.0
2020;190;beauce_5_sa_037;organique_beauce_5;orgeh;incorpore;644.0;6.851018921249104;94.00061617149693;racines post recolte;residus racinaires;labile;0.0;0.0;0.0;0.0
2020;190;beauce_5_sa_037;organique_beauce_5;orgeh;surface;1904.1831565381456;20.257134836904783;94.00061617149693;aerien post recolte;residus aeriens;labile;0.0;0.0;0.0;0.0
2020;127;beauce_5_sa_038;organique_beauce_5;orgeh;incorpore;644.0;6.147502408626273;104.75799067542113;racines post recolte;residus racinaires;labile;0.0;0.0;0.0;0.0
2020;127;beauce_5_sa_038;organique_beauce_5;orgeh;surface;1406.002343089654;13.421432904779241;104.75799067542113;aerien post recolte;residus aeriens;labile;0.0;0.0;0.0;0.0
2020;154;beauce_5_sa_039;organique_beauce_5;orgeh;incorpore;644.0;6.3298823969710645;101.73964690215459;racines post recolte;residus racinaires;labile;0.0;0.0;0.0;0.0
2020;154;beauce_5_sa_039;organique_beauce_5;orgeh;surface;1542.9369311426287;15.165542422478696;101.73964690215459;aerien post recolte;residus aeriens;labile;0.0;0.0;0.0;0.0
2020;148;beauce_5_sa_040;organique_beauce_5;orgeh;incorpore;644.0;6.511985292953647;98.8945722430986;racines post recolte;residus racinaires;labile;0.0;0.0;0.0;0.0
2020;148;beauce_5_sa_040;organique_beauce_5;orgeh;surface;1675.427534186219;16.941551959674303;98.8945722430986;aerien post recolte;residus aeriens;labile;0.0;0.0;0.0;0.0
2020;124;beauce_5_sa_041;organique_beauce_5;orgeh;incorpore;644.0;6.176228395916333;104.270755340882;racines post recolte;residus racinaires;labile;0.0;0.0;0.0;0.0
2020;124;beauce_5_sa_041;organique_beauce_5;orgeh;surface;1427.7443117486291;13.692662981878732;104.270755340882;aerien post recolte;residus aeriens;labile;0.0;0.0;0.0;0.0
2020;289;beauce_5_sa_042;organique_beauce_5;orgeh;incorpore;644.0;6.883723754274444;93.554015673582;racines post recolte;residus racinaires;labile;0.0;0.0;0.0;0.0
2020;289;beauce_5_sa_042;organique_beauce_5;orgeh;surface;1924.7904708498195;20.57410851892856;93.554015673582;aerien post recolte;residus aeriens;labile;0.0;0.0;0.0;0.0
2020;261;beauce_5_sa_043;organique_beauce_5;orgeh;incorpore;644.0;6.868504965523166;93.76130660640023;racines post recolte;residus racinaires;labile;0.0;0.0;0.0;0.0
2020;261;beauce_5_sa_043;organique_beauce_5;orgeh;surface;1915.2350774565978;20.426710620581968;93.76130660640023;aerien post recolte;residus aeriens;labile;0.0;0.0;0.0;0.0
2020;178;beauce_5_sa_044;organique_beauce_5;orgeh;incorpore;644.0;6.834881628113326;94.22255351886281;racines post recolte;residus racinaires;labile;0.0;0.0;0.0;0.0
2020;178;beauce_5_sa_044;organique_beauce_5;orgeh;surface;1893.9148432479103;20.100440632494212;94.2225535188628;aerien post recolte;residus aeriens;labile;0.0;0.0;0.0;0.0
2020;142;beauce_5_sa_045;organique_beauce_5;orgeh;incorpore;644.0;6.248788873697727;103.05997098265098;racines post recolte;residus racinaires;labile;0.0;0.0;0.0;0.0
2020;142;beauce_5_sa_045;organique_beauce_5;orgeh;surface;1482.4217246730184;14.384068911901478;103.05997098265098;aerien post recolte;residus aeriens;labile;0.0;0.0;0.0;0.0
2020;215;beauce_5_sa_046;organique_beauce_5;orgeh;incorpore;644.0;6.881951331937784;93.57811018094861;racines post recolte;residus racinaires;labile;0.0;0.0;0.0;0.0
2020;215;beauce_5_sa_046;organique_beauce_5;orgeh;surface;1923.6806753198164;20.556951530652466;93.5781101809486;aerien post recolte;residus aeriens;labile;0.0;0.0;0.0;0.0
2020;117;beauce_5_sa_047;organique_beauce_5;orgeh;incorpore;644.0;6.192673892318735;103.99385002313852;racines post recolte;residus racinaires;labile;0.0;0.0;0.0;0.0
2020;117;beauce_5_sa_047;organique_beauce_5;orgeh;surface;1440.1705510735844;13.848612689626819;103.99385002313852;aerien post recolte;residus aeriens;labile;0.0;0.0;0.0;0.0
2020;174;beauce_5_sa_048;organique_beauce_5;orgeh;incorpore;644.0;6.811798192515725;94.54184956735466;racines post recolte;residus racinaires;labile;0.0;0.0;0.0;0.0
2020;174;beauce_5_sa_048;organique_beauce_5;orgeh;surface;1879.112560815053;19.87598687157387;94.54184956735467;aerien post recolte;residus aeriens;labile;0.0;0.0;0.0;0.0
2020;272;beauce_5_sa_049;organique_beauce_5;orgeh;incorpore;644.0;6.879868215433241;93.60644416928643;racines post recolte;residus racinaires;labile;0.0;0.0;0.0;0.0
2020;272;beauce_5_sa_049;organique_beauce_5;orgeh;surface;1922.3753100451288;20.536783841169417;93.60644416928643;aerien post recolte;residus aeriens;labile;0.0;0.0;0.0;0.0
2020;247;beauce_5_sa_050;organique_beauce_5;orgeh;incorpore;644.0;6.846468583950593;94.06309137380062;racines post recolte;residus racinaires;labile;0.0;0.0;0.0;0.0
2020;247;beauce_5_sa_050;organique_beauce_5;orgeh;surface;1901.2944069337934;20.21296960545527;94.0630913738006;aerien post recolte;residus aeriens;labile;0.0;0.0;0.0;0.0
2020;206;beauce_5_sa_051;organique_beauce_5;orgeh;incorpore;644.0;6.868504965523166;93.76130660640023;racines post recolte;residus racinaires;labile;0.0;0.0;0.0;0.0
2020;206;beauce_5_sa_051;organique_beauce_5;orgeh;surface;1915.2350774565978;20.426710620581968;93.76130660640023;aerien post recolte;residus aeriens;labile;0.0;0.0;0.0;0.0
2020;297;beauce_5_sa_052;organique_beauce_5;orgeh;incorpore;644.0;6.880184840166115;93.60213641941213;racines post recolte;residus racinaires;labile;0.0;0.0;0.0;0.0
2020;297;beauce_5_sa_052;organique_beauce_5;orgeh;surface;1922.5737916290211;20.539849464699813;93.60213641941213;aerien post recolte;residus aeriens;labile;0.0;0.0;0.0;0.0
2020;311;beauce_5_sa_053;organique_beauce_5;orgeh;incorpore;644.0;6.8862537311522445;93.51964437305776;racines post recolte;residus racinaires;labile;0.0;0.0;0.0;0.0
2020;311;beauce_5_sa_053;organique_beauce_5;orgeh;surface;1926.3732097491734;20.59859425966921;93.51964437305776;aerien post recolte;residus aeriens;labile;0.0;0.0;0.0;0.0
2020;270;beauce_5_sa_054;organique_beauce_5;orgeh;incorpore;644.0;6.87777217615039;93.63497125321446;racines post recolte;residus racinaires;labile;0.0;0.0;0.0;0.0
2020;270;beauce_5_sa_054;organique_beauce_5;orgeh;surface;1921.0607243980046;20.516487576024698;93.63497125321447;aerien post recolte;residus aeriens;labile;0.0;0.0;0.0;0.0
2020;186;beauce_5_sa_055;organique_beauce_5;orgeh;incorpore;644.0;6.880184840166115;93.60213641941213;racines post recolte;residus racinaires;labile;0.0;0.0;0.0;0.0
2020;186;beauce_5_sa_055;organique_beauce_5;orgeh;surface;1922.5737916290211;20.539849464699813;93.60213641941213;aerien post recolte;residus aeriens;labile;0.0;0.0;0.0;0.0
2020;291;beauce_5_sa_056;organique_beauce_5;orgeh;incorpore;644.0;6.872112317740579;93.71208883438841;racines post recolte;residus racinaires;labile;0.0;0.0;0.0;0.0
2020;291;beauce_5_sa_056;organique_beauce_5;orgeh;surface;1917.5053777002574;20.46166510159587;93.71208883438842;aerien post recolte;residus aeriens;labile;0.0;0.0;0.0;0.0
2020;162;beauce_5_sa_057;organique_beauce_5;orgeh;incorpore;644.0;6.592777119651147;97.68265911499174;racines post recolte;residus racinaires;labile;0.0;0.0;0.0;0.0
2020;162;beauce_5_sa_057;organique_beauce_5;orgeh;surface;1732.2796592301374;17.733747984797414;97.68265911499174;aerien post recolte;residus aeriens;labile;0.0;0.0;0.0;0.0
2020;265;beauce_5_sa_058;organique_beauce_5;orgeh;incorpore;644.0;6.838665167832287;94.17042422682823;racines post recolte;residus racinaires;labile;0.0;0.0;0.0;0.0
2020;265;beauce_5_sa_058;organique_beauce_5;orgeh;surface;1896.3282557684133;20.137195635868952;94.17042422682823;aerien post recolte;residus aeriens;labile;0.0;0.0;0.0;0.0
2020;256;beauce_5_sa_059;organique_beauce_5;orgeh;incorpore;644.0;6.853937152461162;93.96059311234679;racines post recolte;residus racinaires;labile;0.0;0.0;0.0;0.0
2020;256;beauce_5_sa_059;organique_beauce_5;orgeh;surface;1906.0330099629546;20.285451026090794;93.96059311234679;aerien post recolte;residus aeriens;labile;0.0;0.0;0.0;0.0
2020;298;beauce_5_sa_060;organique_beauce_5;orgeh;incorpore;644.0;6.881917657601386;93.57856807378;racines post recolte;residus racinaires;labile;0.0;0.0;0.0;0.0
2020;298;beauce_5_sa_060;organique_beauce_5;orgeh;surface;1923.6595824620729;20.556625539999764;93.57856807378002;aerien post recolte;residus aeriens;labile;0.0;0.0;0.0;0.0
2020;145;beauce_5_sa_061;organique_beauce_5;orgeh;incorpore;644.0;6.273692185498396;102.65087622382914;racines post recolte;residus racinaires;labile;0.0;0.0;0.0;0.0
2020;145;beauce_5_sa_061;organique_beauce_5;orgeh;surface;1501.0825396978855;14.623182917842719;102.65087622382913;aerien post recolte;residus aeriens;labile;0.0;0.0;0.0;0.0
2020;163;beauce_5_sa_062;organique_beauce_5;orgeh;incorpore;644.0;6.655291346142446;96.765110121479;racines post recolte;residus racinaires;labile;0.0;0.0;0.0;0.0
2020;163;beauce_5_sa_062;organique_beauce_5;orgeh;surface;1775.3223937195696;18.346720129712335;96.765110121479;aerien post recolte;residus aeriens;labile;0.0;0.0;0.0;0.0
2020;158;beauce_5_sa_063;organique_beauce_5;orgeh;incorpore;644.0;6.41004385689839;100.46733132830865;racines post recolte;residus racinaires;labile;0.0;0.0;0.0;0.0
2020;158;beauce_5_sa_063;organique_beauce_5;orgeh;surface;1601.9221278341367;15.944706668870817;100.46733132830865;aerien post recolte;residus aeriens;labile;0.0;0.0;0.0;0.0
2020;112;beauce_5_sa_064;organique_beauce_5;orgeh;incorpore;644.0;6.208123597299852;103.73504810376198;racines post recolte;residus racinaires;labile;0.0;0.0;0.0;0.0
2020;112;beauce_5_sa_064;organique_beauce_5;orgeh;surface;1451.8279406822219;13.995539282249302;103.73504810376198;aerien post recolte;residus aeriens;labile;0.0;0.0;0.0;0.0
2020;98;beauce_5_sa_065;organique_beauce_5;orgeh;incorpore;644.0;6.351482314863581;101.3936539652999;racines post recolte;residus racinaires;labile;0.0;0.0;0.0;0.0
2020;98;beauce_5_sa_065;organique_beauce_5;orgeh;surface;1558.921251018654;15.374939062282593;101.39365396529992;aerien post recolte;residus aeriens;labile;0.0;0.0;0.0;0.0
2020;289;beauce_5_sa_066;organique_beauce_5;orgeh;incorpore;644.0;6.843542710243253;94.10330690799606;racines post recolte;residus racinaires;labile;0.0;0.0;0.0;0.0
2020;289;beauce_5_sa_066;organique_beauce_5;orgeh;surface;1899.4341649438488;20.184563405416856;94.10330690799607;aerien post recolte;residus aeriens;labile;0.0;0.0;0.0;0.0
2020;116;beauce_5_sa_067;organique_beauce_5;orgeh;incorpore;644.0;6.228096542753861;103.4023791344834;racines post recolte;residus racinaires;labile;0.0;0.0;0.0;0.0
2020;116;beauce_5_sa_067;organique_beauce_5;orgeh;surface;1466.8716577358127;14.18605326119261;103.40237913448338;aerien post recolte;residus aeriens;labile;0.0;0.0;0.0;0.0
2020;109;beauce_5_sa_068;organique_beauce_5;orgeh;incorpore;644.0;6.231020660953238;103.35385405406106;racines post recolte;residus racinaires;labile;0.0;0.0;0.0;0.0
2020;109;beauce_5_sa_068;organique_beauce_5;orgeh;surface;1469.0713882203213;14.213997162136765;103.35385405406106;aerien post recolte;residus aeriens;labile;0.0;0.0;0.0;0.0
2020;263;beauce_5_sa_069;organique_beauce_5;orgeh;incorpore;644.0;6.849671986431448;94.0191006628789;racines post recolte;residus racinaires;labile;0.0;0.0;0.0;0.0
2020;263;beauce_5_sa_069;organique_beauce_5;orgeh;surface;1903.3286115787218;20.244063154820243;94.01910066287888;aerien post recolte;residus aeriens;labile;0.0;0.0;0.0;0.0
2020;197;beauce_5_sa_070;organique_beauce_5;orgeh;incorpore;644.0;6.843965871832196;94.09748851181735;racines post recolte;residus racinaires;labile;0.0;0.0;0.0;0.0
2020;197;beauce_5_sa_070;organique_beauce_5;orgeh;surface;1899.7033410308416;20.188672100342668;94.09748851181735;aerien post recolte;residus aeriens;labile;0.0;0.0;0.0;0.0
2020;205;beauce_5_sa_071;organique_beauce_5;orgeh;incorpore;644.0;6.849551584835182;94.0207533330806;racines post recolte;residus racinaires;labile;0.0;0.0;0.0;0.0
2020;205;beauce_5_sa_071;organique_beauce_5;orgeh;surface;1903.252201969501;20.242894621647892;94.02075333308062;aerien post recolte;residus aeriens;labile;0.0;0.0;0.0;0.0
2020;120;beauce_5_sa_072;organique_beauce_5;orgeh;incorpore;644.0;6.179077643819799;104.22267482657661;racines post recolte;residus racinaires;labile;0.0;0.0;0.0;0.0
2020;120;beauce_5_sa_072;organique_beauce_5;orgeh;surface;1429.8984040922821;13.719647921832653;104.22267482657661;aerien post recolte;residus aeriens;labile;0.0;0.0;0.0;0.0
2020;220;beauce_5_sa_073;organique_beauce_5;orgeh;incorpore;644.0;6.844251466833496;94.09356203826736;racines post recolte;residus racinaires;labile;0.0;0.0;0.0;0.0
2020;220;beauce_5_sa_073;organique_beauce_5;orgeh;surface;1899.8849844178028;20.191445017727453;94.09356203826738;aerien post recolte;residus aeriens;labile;0.0;0.0;0.0;0.0
2020;228;beauce_5_sa_074;organique_beauce_5;orgeh;incorpore;644.0;6.851018921249104;94.00061617149693;racines post recolte;residus racinaires;labile;0.0;0.0;0.0;0.0
2020;228;beauce_5_sa_074;organique_beauce_5;orgeh;surface;1904.1831565381456;20.257134836904783;94.00061617149693;aerien post recolte;residus aeriens;labile;0.0;0.0;0.0;0.0
2020;258;beauce_5_sa_075;organique_beauce_5;orgeh;incorpore;644.0;6.835814686495951;94.20969255825678;racines post recolte;residus racinaires;labile;0.0;0.0;0.0;0.0
2020;258;beauce_5_sa_075;organique_beauce_5;orgeh;surface;1894.5103503356388;20.109505708917624;94.20969255825678;aerien post recolte;residus aeriens;labile;0.0;0.0;0.0;0.0
2020;130;beauce_5_sa_076;organique_beauce_5;orgeh;incorpore;644.0;6.165216043634047;104.457004497834;racines post recolte;residus racinaires;labile;0.0;0.0;0.0;0.0
2020;130;beauce_5_sa_076;organique_beauce_5;orgeh;surface;1419.4143796430042;13.588503580652047;104.45700449783399;aerien post recolte;residus aeriens;labile;0.0;0.0;0.0;0.0
2020;284;beauce_5_sa_077;organique_beauce_5;orgeh;incorpore;644.0;6.842587763865457;94.11643989439997;racines post recolte;residus racinaires;labile;0.0;0.0;0.0;0.0
2020;284;beauce_5_sa_077;organique_beauce_5;orgeh;surface;1898.8265502595807;20.175290867250098;94.11643989439997;aerien post recolte;residus aeriens;labile;0.0;0.0;0.0;0.0
2020;127;beauce_5_sa_078;organique_beauce_5;orgeh;incorpore;644.0;6.167962476797834;104.41049251232471;racines post recolte;residus racinaires;labile;0.0;0.0;0.0;0.0
2020;127;beauce_5_sa_078;organique_beauce_5;orgeh;surface;1421.492455263269;13.614459821607246;104.41049251232471;aerien post recolte;residus aeriens;labile;0.0;0.0;0.0;0.0
2020;180;beauce_5_sa_079;organique_beauce_5;orgeh;incorpore;644.0;6.754598905854271;95.34244874878351;racines post recolte;residus racinaires;labile;0.0;0.0;0.0;0.0
2020;180;beauce_5_sa_079;organique_beauce_5;orgeh;surface;1841.8629253691802;19.3183933236525;95.34244874878351;aerien post recolte;residus aeriens;labile;0.0;0.0;0.0;0.0
2020;103;beauce_5_sa_080;organique_beauce_5;orgeh;incorpore;644.0;6.298133671399222;102.2525137763432;racines post recolte;residus racinaires;labile;0.0;0.0;0.0;0.0
2020;103;beauce_5_sa_080;organique_beauce_5;orgeh;surface;1519.3337566091323;14.858644550610942;102.2525137763432;aerien post recolte;residus aeriens;labile;0.0;0.0;0.0;0.0
2020;174;beauce_5_sa_081;organique_beauce_5;orgeh;incorpore;644.0;6.677161827957109;96.44816414417097;racines post recolte;residus racinaires;labile;0.0;0.0;0.0;0.0
2020;174;beauce_5_sa_081;organique_beauce_5;orgeh;surface;1790.1744082557748;18.561000348122928;96.44816414417097;aerien post recolte;residus aeriens;labile;0.0;0.0;0.0;0.0
2020;130;beauce_5_sa_082;organique_beauce_5;orgeh;incorpore;644.0;6.1652071934603;104.45715444618284;racines post recolte;residus racinaires;labile;0.0;0.0;0.0;0.0
2020;130;beauce_5_sa_082;organique_beauce_5;orgeh;surface;1419.4076825512998;13.588419961052931;104.45715444618283;aerien post recolte;residus aeriens;labile;0.0;0.0;0.0;0.0
2020;112;beauce_5_sa_083;organique_beauce_5;orgeh;incorpore;644.0;6.212477897588137;103.66234063384263;racines post recolte;residus racinaires;labile;0.0;0.0;0.0;0.0
2020;112;beauce_5_sa_083;organique_beauce_5;orgeh;surface;1455.110290403021;14.037019437394136;103.66234063384263;aerien post recolte;residus aeriens;labile;0.0;0.0;0.0;0.0
2020;308;beauce_5_sa_084;organique_beauce_5;orgeh;incorpore;644.0;6.879898342152284;93.60603427150832;racines post recolte;residus racinaires;labile;0.0;0.0;0.0;0.0
2020;308;beauce_5_sa_084;organique_beauce_5;orgeh;surface;1922.3941965959436;20.537075537459014;93.60603427150832;aerien post recolte;residus aeriens;labile;0.0;0.0;0.0;0.0
2020;271;beauce_5_sa_085;organique_beauce_5;orgeh;incorpore;644.0;6.838063741707943;94.17870676928615;racines post recolte;residus racinaires;labile;0.0;0.0;0.0;0.0
2020;271;beauce_5_sa_085;organique_beauce_5;orgeh;surface;1895.9448647179045;20.13135378215042;94.17870676928617;aerien post recolte;residus aeriens;labile;0.0;0.0;0.0;0.0
2020;275;beauce_5_sa_086;organique_beauce_5;orgeh;incorpore;644.0;6.8624892931740495;93.84349796225854;racines post recolte;residus racinaires;labile;0.0;0.0;0.0;0.0
2020;275;beauce_5_sa_086;organique_beauce_5;orgeh;surface;1911.4417035631504;20.368397865261624;93.84349796225854;aerien post recolte;residus aeriens;labile;0.0;0.0;0.0;0.0
2020;275;beauce_5_sa_087;organique_beauce_5;orgeh;incorpore;644.0;6.850430139257234;94.00869535322732;racines post recolte;residus racinaires;labile;0.0;0.0;0.0;0.0
2020;275;beauce_5_sa_087;organique_beauce_5;orgeh;surface;1903.8096682306655;20.25142101033644;94.00869535322732;aerien post recolte;residus aeriens;labile;0.0;0.0;0.0;0.0
2020;271;beauce_5_sa_088;organique_beauce_5;orgeh;incorpore;644.0;6.850401992158419;94.00908161844806;racines post recolte;residus racinaires;labile;0.0;0.0;0.0;0.0
2020;271;beauce_5_sa_088;organique_beauce_5;orgeh;surface;1903.791811180634;20.25114785087997;94.00908161844805;aerien post recolte;residus aeriens;labile;0.0;0.0;0.0;0.0
2020;122;beauce_5_sa_089;organique_beauce_5;orgeh;incorpore;644.0;6.16789116061904;104.41169975758214;racines post recolte;residus racinaires;labile;0.0;0.0;0.0;0.0
2020;122;beauce_5_sa_089;organique_beauce_5;orgeh;surface;1421.438499342644;13.613785645122805;104.41169975758214;aerien post recolte;residus aeriens;labile;0.0;0.0;0.0;0.0
2020;237;beauce_5_sa_090;organique_beauce_5;orgeh;incorpore;644.0;6.838063741707943;94.17870676928615;racines post recolte;residus racinaires;labile;0.0;0.0;0.0;0.0
2020;237;beauce_5_sa_090;organique_beauce_5;orgeh;surface;1895.9448647179045;20.13135378215042;94.17870676928617;aerien post recolte;residus aeriens;labile;0.0;0.0;0.0;0.0
2020;287;beauce_5_sa_091;organique_beauce_5;orgeh;incorpore;644.0;6.870089074737181;93.7396870687061;racines post recolte;residus racinaires;labile;0.0;0.0;0.0;0.0
2020;287;beauce_5_sa_091;organique_beauce_5;orgeh;surface;1916.23245177139;20.442061539707247;93.73968706870612;aerien post recolte;residus aeriens;labile;0.0;0.0;0.0;0.0
2020;256;beauce_5_sa_092;organique_beauce_5;orgeh;incorpore;644.0;6.879898009920091;93.60603879176982;racines post recolte;residus racinaires;labile;0.0;0.0;0.0;0.0
2020;256;beauce_5_sa_092;organique_beauce_5;orgeh;surface;1922.3939883196306;20.537072320687226;93.6060387917698;aerien post recolte;residus aeriens;labile;0.0;0.0;0.0;0.0
2020;132;beauce_5_sa_093;organique_beauce_5;orgeh;incorpore;644.0;6.171379024980879;104.35268963276735;racines post recolte;residus racinaires;labile;0.0;0.0;0.0;0.0
2020;132;beauce_5_sa_093;organique_beauce_5;orgeh;surface;1424.0769979607505;13.646768501820983;104.35268963276735;aerien post recolte;residus aeriens;labile;0.0;0.0;0.0;0.0
2020;126;beauce_5_sa_094;organique_beauce_5;orgeh;incorpore;644.0;6.155488682528598;104.62207522660131;racines post recolte;residus racinaires;labile;0.0;0.0;0.0;0.0
2020;126;beauce_5_sa_094;organique_beauce_5;orgeh;surface;1412.0510873105168;13.496683986167838;104.62207522660131;aerien post recolte;residus aeriens;labile;0.0;0.0;0.0;0.0
2020;162;beauce_5_sa_095;organique_beauce_5;orgeh;incorpore;644.0;6.448146679223885;99.87365859324923;racines post recolte;residus racinaires;labile;0.0;0.0;0.0;0.0
2020;162;beauce_5_sa_095;organique_beauce_5;orgeh;surface;1629.610147922056;16.316716248063894;99.87365859324925;aerien post recolte;residus aeriens;labile;0.0;0.0;0.0;0.0
2020;146;beauce_5_sa_096;organique_beauce_5;orgeh;incorpore;644.0;6.345069377230104;101.49613214806703;racines post recolte;residus racinaires;labile;0.0;0.0;0.0;0.0
2020;146;beauce_5_sa_096;organique_beauce_5;orgeh;surface;1554.1821181555715;15.312722615757043;101.49613214806703;aerien post recolte;residus aeriens;labile;0.0;0.0;0.0;0.0
2020;223;beauce_5_sa_097;organique_beauce_5;orgeh;incorpore;644.0;6.868504965523166;93.76130660640023;racines post recolte;residus racinaires;labile;0.0;0.0;0.0;0.0
2020;223;beauce_5_sa_097;organique_beauce_5;orgeh;surface;1915.2350774565978;20.426710620581968;93.76130660640023;aerien post recolte;residus aeriens;labile;0.0;0.0;0.0;0.0
2020;139;beauce_5_sa_098;organique_beauce_5;orgeh;incorpore;644.0;6.198029035579746;103.9039985619819;racines post recolte;residus racinaires;labile;0.0;0.0;0.0;0.0
2020;139;beauce_5_sa_098;organique_beauce_5;orgeh;surface;1444.2131110599212;13.89949502471172;103.9039985619819;aerien post recolte;residus aeriens;labile;0.0;0.0;0.0;0.0
2020;240;beauce_5_sa_099;organique_beauce_5;orgeh;incorpore;644.0;6.839240236187557;94.16250603283227;racines post recolte;residus racinaires;labile;0.0;0.0;0.0;0.0
2020;240;beauce_5_sa_099;organique_beauce_5;orgeh;surface;1896.6947590793682;20.14278122990944;94.16250603283227;aerien post recolte;residus aeriens;labile;0.0;0.0;0.0;0.0
2021;191;beauce_5_sa_000;organique_beauce_5;orgeh;incorpore;644.0;6.018526623194713;107.0029328304535;racines post recolte;residus racinaires;labile;0.0;0.0;0.0;0.0
2021;191;beauce_5_sa_000;organique_beauce_5;orgeh;surface;1308.1276133003255;12.225156626062372;107.0029328304535;aerien post recolte;residus aeriens;labile;0.0;0.0;0.0;0.0
2021;291;beauce_5_sa_001;organique_beauce_5;orgeh;incorpore;644.0;5.793981074874087;111.14982801596314;racines post recolte;residus racinaires;labile;0.0;0.0;0.0;0.0
2021;291;beauce_5_sa_001;organique_beauce_5;orgeh;surface;1139.6580116291564;10.253349303117957;111.14982801596312;aerien post recolte;residus aeriens;labile;0.0;0.0;0.0;0.0
2021;214;beauce_5_sa_002;organique_beauce_5;orgeh;incorpore;644.0;6.059853629082467;106.27319394470409;racines post recolte;residus racinaires;labile;0.0;0.0;0.0;0.0
2021;214;beauce_5_sa_002;organique_beauce_5;orgeh;surface;1339.4957494872413;12.60426735818447;106.27319394470409;aerien post recolte;residus aeriens;labile;0.0;0.0;0.0;0.0
2021;110;beauce_5_sa_003;organique_beauce_5;orgeh;incorpore;644.0;5.745029998501541;112.09689073302883;racines post recolte;residus racinaires;labile;0.0;0.0;0.0;0.0
2021;110;beauce_5_sa_003;organique_beauce_5;orgeh;surface;1103.7981466125477;9.84682214996815;112.09689073302883;aerien post recolte;residus aeriens;labile;0.0;0.0;0.0;0.0
2021;99;beauce_5_sa_004;organique_beauce_5;orgeh;incorpore;644.0;5.824387610696945;110.56956422633058;racines post recolte;residus racinaires;labile;0.0;0.0;0.0;0.0
2021;99;beauce_5_sa_004;organique_beauce_5;orgeh;surface;1162.1362258711938;10.510453161345168;110.56956422633057;aerien post recolte;residus aeriens;labile;0.0;0.0;0.0;0.0
2021;94;beauce_5_sa_005;organique_beauce_5;orgeh;incorpore;644.0;5.955860422765581;108.12879320314244;racines post recolte;residus racinaires;labile;0.0;0.0;0.0;0.0
2021;94;beauce_5_sa_005;organique_beauce_5;orgeh;surface;1260.6710602432495;11.658976512156357;108.12879320314242;aerien post recolte;residus aeriens;labile;0.0;0.0;0.0;0.0
2021;108;beauce_5_sa_006;organique_beauce_5;orgeh;incorpore;644.0;5.883667809827691;109.45553365951504;racines post recolte;residus racinaires;labile;0.0;0.0;0.0;0.0
2021;108;beauce_5_sa_006;organique_beauce_5;orgeh;surface;1206.333893419525;11.021223441951193;109.45553365951505;aerien post recolte;residus aeriens;labile;0.0;0.0;0.0;0.0
2021;113;beauce_5_sa_007;organique_beauce_5;orgeh;incorpore;644.0;5.948588198253609;108.26098202411558;racines post recolte;residus racinaires;labile;0.0;0.0;0.0;0.0
2021;113;beauce_5_sa_007;organique_beauce_5;orgeh;surface;1255.1779638410305;11.594001277038432;108.26098202411556;aerien post recolte;residus aeriens;labile;0.0;0.0;0.0;0.0
2021;263;beauce_5_sa_008;organique_beauce_5;orgeh;incorpore;644.0;5.858147622871452;109.93236112481824;racines post recolte;residus racinaires;labile;0.0;0.0;0.0;0.0
2021;263;beauce_5_sa_008;organique_beauce_5;orgeh;surface;1187.2516713496802;10.79983782029082;109.93236112481823;aerien post recolte;residus aeriens;labile;0.0;0.0;0.0;0.0
2021;122;beauce_5_sa_009;organique_beauce_5;orgeh;incorpore;644.0;5.787886824772502;111.26686120461814;racines post recolte;residus racinaires;labile;0.0;0.0;0.0;0.0
2021;122;beauce_5_sa_009;organique_beauce_5;orgeh;surface;1135.1706102948576;10.202234501854917;111.26686120461814;aerien post recolte;residus aeriens;labile;0.0;0.0;0.0;0.0
2021;131;beauce_5_sa_010;organique_beauce_5;orgeh;incorpore;644.0;5.7174916717545115;112.63680595836836;racines post recolte;residus racinaires;labile;0.0;0.0;0.0;0.0
2021;131;beauce_5_sa_010;organique_beauce_5;orgeh;surface;1083.8241726121344;9.622291429434942;112.63680595836836;aerien post recolte;residus aeriens;labile;0.0;0.0;0.0;0.0
2021;241;beauce_5_sa_011;organique_beauce_5;orgeh;incorpore;644.0;5.960567172620998;108.04340951950357;racines post recolte;residus racinaires;labile;0.0;0.0;0.0;0.0
2021;241;beauce_5_sa_011;organique_beauce_5;orgeh;surface;1264.2282085363556;11.701113600160333;108.04340951950357;aerien post recolte;residus aeriens;labile;0.0;0.0;0.0;0.0
2021;183;beauce_5_sa_012;organique_beauce_5;orgeh;incorpore;644.0;6.01654746641852;107.03813168507335;racines post recolte;residus racinaires;labile;0.0;0.0;0.0;0.0
2021;183;beauce_5_sa_012;organique_beauce_5;orgeh;surface;1306.6263028250376;12.207110515244997;107.03813168507335;aerien post recolte;residus aeriens;labile;0.0;0.0;0.0;0.0
2021;135;beauce_5_sa_013;organique_beauce_5;orgeh;incorpore;644.0;5.717684321437281;112.63301081269117;racines post recolte;residus racinaires;labile;0.0;0.0;0.0;0.0
2021;135;beauce_5_sa_013;organique_beauce_5;orgeh;surface;1083.963366434437;9.62385146781763;112.63301081269117;aerien post recolte;residus aeriens;labile;0.0;0.0;0.0;0.0
2021;195;beauce_5_sa_014;organique_beauce_5;orgeh;incorpore;644.0;6.007109525099807;107.20630235043035;racines post recolte;residus racinaires;labile;0.0;0.0;0.0;0.0
2021;195;beauce_5_sa_014;organique_beauce_5;orgeh;surface;1299.4687578467658;12.12119744228404;107.20630235043036;aerien post recolte;residus aeriens;labile;0.0;0.0;0.0;0.0
2021;253;beauce_5_sa_015;organique_beauce_5;orgeh;incorpore;644.0;6.021389120756811;106.95206489479583;racines post recolte;residus racinaires;labile;0.0;0.0;0.0;0.0
2021;253;beauce_5_sa_015;organique_beauce_5;orgeh;surface;1310.2991912925434;12.251275303393427;106.95206489479584;aerien post recolte;residus aeriens;labile;0.0;0.0;0.0;0.0
2021;259;beauce_5_sa_016;organique_beauce_5;orgeh;incorpore;644.0;5.815211067823445;110.74404565697742;racines post recolte;residus racinaires;labile;0.0;0.0;0.0;0.0
2021;259;beauce_5_sa_016;organique_beauce_5;orgeh;surface;1155.3373459640493;10.432500809502958;110.7440456569774;aerien post recolte;residus aeriens;labile;0.0;0.0;0.0;0.0
2021;134;beauce_5_sa_017;organique_beauce_5;orgeh;incorpore;644.0;5.7128484333499445;112.72835390494795;racines post recolte;residus racinaires;labile;0.0;0.0;0.0;0.0
2021;134;beauce_5_sa_017;organique_beauce_5;orgeh;surface;1080.4716874149406;9.584737557030145;112.72835390494797;aerien post recolte;residus aeriens;labile;0.0;0.0;0.0;0.0
2021;174;beauce_5_sa_018;organique_beauce_5;orgeh;incorpore;644.0;5.777120786207815;111.47421420328841;racines post recolte;residus racinaires;labile;0.0;0.0;0.0;0.0
2021;174;beauce_5_sa_018;organique_beauce_5;orgeh;surface;1127.2586008840842;10.112281202793453;111.4742142032884;aerien post recolte;residus aeriens;labile;0.0;0.0;0.0;0.0
2021;139;beauce_5_sa_019;organique_beauce_5;orgeh;incorpore;644.0;6.059637620134567;106.27698228358722;racines post recolte;residus racinaires;labile;0.0;0.0;0.0;0.0
2021;139;beauce_5_sa_019;organique_beauce_5;orgeh;surface;1339.3317361938416;12.602274805093709;106.27698228358722;aerien post recolte;residus aeriens;labile;0.0;0.0;0.0;0.0
2021;245;beauce_5_sa_020;organique_beauce_5;orgeh;incorpore;644.0;5.940011038804398;108.41730693645714;racines post recolte;residus racinaires;labile;0.0;0.0;0.0;0.0
2021;245;beauce_5_sa_020;organique_beauce_5;orgeh;surface;1248.7040225175513;11.517570928499548;108.41730693645715;aerien post recolte;residus aeriens;labile;0.0;0.0;0.0;0.0
2021;248;beauce_5_sa_021;organique_beauce_5;orgeh;incorpore;644.0;5.923782527990933;108.7143217964172;racines post recolte;residus racinaires;labile;0.0;0.0;0.0;0.0
2021;248;beauce_5_sa_021;organique_beauce_5;orgeh;surface;1236.4705753773783;11.373575762104672;108.7143217964172;aerien post recolte;residus aeriens;labile;0.0;0.0;0.0;0.0
2021;283;beauce_5_sa_022;organique_beauce_5;orgeh;incorpore;644.0;5.793753418200065;111.15419547835542;racines post recolte;residus racinaires;labile;0.0;0.0;0.0;0.0
2021;283;beauce_5_sa_022;organique_beauce_5;orgeh;surface;1139.4902693518704;10.251437333948932;111.15419547835543;aerien post recolte;residus aeriens;labile;0.0;0.0;0.0;0.0
2021;270;beauce_5_sa_023;organique_beauce_5;orgeh;incorpore;644.0;5.8002464292782685;111.02976534742399;racines post recolte;residus racinaires;labile;0.0;0.0;0.0;0.0
2021;270;beauce_5_sa_023;organique_beauce_5;orgeh;surface;1144.2777893030593;10.306045281843947;111.02976534742398;aerien post recolte;residus aeriens;labile;0.0;0.0;0.0;0.0
2021;152;beauce_5_sa_024;organique_beauce_5;orgeh;incorpore;644.0;5.929710230508986;108.60564428368724;racines post recolte;residus racinaires;labile;0.0;0.0;0.0;0.0
2021;152;beauce_5_sa_024;organique_beauce_5;orgeh;surface;1240.9365318191558;11.426077714503709;108.60564428368723;aerien post recolte;residus aeriens;labile;0.0;0.0;0.0;0.0
2021;172;beauce_5_sa_025;organique_beauce_5;orgeh;incorpore;644.0;6.051991334790047;106.41125612621872;racines post recolte;residus racinaires;labile;0.0;0.0;0.0;0.0
2021;172;beauce_5_sa_025;organique_beauce_5;orgeh;surface;1333.5261888939385;12.53181512407098;106.41125612621873;aerien post recolte;residus aeriens;labile;0.0;0.0;0.0;0.0
2021;161;beauce_5_sa_026;organique_beauce_5;orgeh;incorpore;644.0;6.0770888301281305;105.97179307422132;racines post recolte;residus racinaires;labile;0.0;0.0;0.0;0.0
2021;161;beauce_5_sa_026;organique_beauce_5;orgeh;surface;1352.5825122432132;12.763608815186142;105.97179307422134;aerien post recolte;residus aeriens;labile;0.0;0.0;0.0;0.0
2021;222;beauce_5_sa_027;organique_beauce_5;orgeh;incorpore;644.0;6.12364053605992;105.16619912741697;racines post recolte;residus racinaires;labile;0.0;0.0;0.0;0.0
2021;222;beauce_5_sa_027;organique_beauce_5;orgeh;surface;1387.9140764383035;13.19733990535056;105.16619912741699;aerien post recolte;residus aeriens;labile;0.0;0.0;0.0;0.0
2021;182;beauce_5_sa_028;organique_beauce_5;orgeh;incorpore;644.0;5.961903980327547;108.01918348987209;racines post recolte;residus racinaires;labile;0.0;0.0;0.0;0.0
2021;182;beauce_5_sa_028;organique_beauce_5;orgeh;surface;1265.238767305492;11.713093234259832;108.01918348987209;aerien post recolte;residus aeriens;labile;0.0;0.0;0.0;0.0
2021;112;beauce_5_sa_029;organique_beauce_5;orgeh;incorpore;644.0;5.709720681781017;112.79010583738727;racines post recolte;residus racinaires;labile;0.0;0.0;0.0;0.0
2021;112;beauce_5_sa_029;organique_beauce_5;orgeh;surface;1078.2159796783017;9.559490805273262;112.79010583738727;aerien post recolte;residus aeriens;labile;0.0;0.0;0.0;0.0
2021;113;beauce_5_sa_030;organique_beauce_5;orgeh;incorpore;644.0;5.915974587886843;108.8578036353658;racines post recolte;residus racinaires;labile;0.0;0.0;0.0;0.0
2021;113;beauce_5_sa_030;organique_beauce_5;orgeh;surface;1230.5926759266006;11.304588507486706;108.85780363536578;aerien post recolte;residus aeriens;labile;0.0;0.0;0.0;0.0
2021;139;beauce_5_sa_031;organique_beauce_5;orgeh;incorpore;644.0;5.737642927629297;112.24121265874776;racines post recolte;residus racinaires;labile;0.0;0.0;0.0;0.0
2021;139;beauce_5_sa_031;organique_beauce_5;orgeh;surface;1098.425271112671;9.786291907343028;112.24121265874776;aerien post recolte;residus aeriens;labile;0.0;0.0;0.0;0.0
2021;136;beauce_5_sa_032;organique_beauce_5;orgeh;incorpore;644.0;5.741237387681924;112.17094095111452;racines post recolte;residus racinaires;labile;0.0;0.0;0.0;0.0
2021;136;beauce_5_sa_032;organique_beauce_5;orgeh;surface;1101.038312525933;9.815717896186491;112.17094095111452;aerien post recolte;residus aeriens;labile;0.0;0.0;0.0;0.0
2021;231;beauce_5_sa_033;organique_beauce_5;orgeh;incorpore;644.0;5.997143525004544;107.38445683597543;racines post recolte;residus racinaires;labile;0.0;0.0;0.0;0.0
2021;231;beauce_5_sa_033;organique_beauce_5;orgeh;surface;1291.9142138932805;12.030737519738233;107.38445683597544;aerien post recolte;residus aeriens;labile;0.0;0.0;0.0;0.0
2021;243;beauce_5_sa_034;organique_beauce_5;orgeh;incorpore;644.0;5.971964937103146;107.83720379851873;racines post recolte;residus racinaires;labile;0.0;0.0;0.0;0.0
2021;243;beauce_5_sa_034;organique_beauce_5;orgeh;surface;1272.8478451467129;11.803420343918422;107.83720379851873;aerien post recolte;residus aeriens;labile;0.0;0.0;0.0;0.0
2021;310;beauce_5_sa_035;organique_beauce_5;orgeh;incorpore;644.0;5.76201348911361;111.76648600645132;racines post recolte;residus racinaires;labile;0.0;0.0;0.0;0.0
2021;310;beauce_5_sa_035;organique_beauce_5;orgeh;surface;1116.1905481439728;9.986808998178082;111.76648600645133;aerien post recolte;residus aeriens;labile;0.0;0.0;0.0;0.0
2021;176;beauce_5_sa_036;organique_beauce_5;orgeh;incorpore;644.0;6.093332878182206;105.68928579397115;racines post recolte;residus racinaires;labile;0.0;0.0;0.0;0.0
2021;176;beauce_5_sa_036;organique_beauce_5;orgeh;surface;1364.9154186313765;12.91441614329875;105.68928579397117;aerien post recolte;residus aeriens;labile;0.0;0.0;0.0;0.0
2021;189;beauce_5_sa_037;organique_beauce_5;orgeh;incorpore;644.0;6.018962714532196;106.99518015706013;racines post recolte;residus racinaires;labile;0.0;0.0;0.0;0.0
2021;189;beauce_5_sa_037;organique_beauce_5;orgeh;surface;1308.4584304807502;12.22913432698595;106.99518015706015;aerien post recolte;residus aeriens;labile;0.0;0.0;0.0;0.0
2021;126;beauce_5_sa_038;organique_beauce_5;orgeh;incorpore;644.0;5.831872911878755;110.42764644069267;racines post recolte;residus racinaires;labile;0.0;0.0;0.0;0.0
2021;126;beauce_5_sa_038;organique_beauce_5;orgeh;surface;1167.691238502211;10.574265377731678;110.42764644069266;aerien post recolte;residus aeriens;labile;0.0;0.0;0.0;0.0
2021;153;beauce_5_sa_039;organique_beauce_5;orgeh;incorpore;644.0;5.948994797290011;108.25358265456309;racines post recolte;residus racinaires;labile;0.0;0.0;0.0;0.0
2021;153;beauce_5_sa_039;organique_beauce_5;orgeh;surface;1255.484992749979;11.59762995333123;108.25358265456309;aerien post recolte;residus aeriens;labile;0.0;0.0;0.0;0.0
2021;147;beauce_5_sa_040;organique_beauce_5;orgeh;incorpore;644.0;5.929596395760446;108.60772926475204;racines post recolte;residus racinaires;labile;0.0;0.0;0.0;0.0
2021;147;beauce_5_sa_040;organique_beauce_5;orgeh;surface;1240.8507405406847;11.425068445321001;108.60772926475204;aerien post recolte;residus aeriens;labile;0.0;0.0;0.0;0.0
2021;123;beauce_5_sa_041;organique_beauce_5;orgeh;incorpore;644.0;5.872948923083453;109.65530407880391;racines post recolte;residus racinaires;labile;0.0;0.0;0.0;0.0
2021;123;beauce_5_sa_041;organique_beauce_5;orgeh;surface;1198.3096953522945;10.92796837708031;109.6553040788039;aerien post recolte;residus aeriens;labile;0.0;0.0;0.0;0.0
2021;289;beauce_5_sa_042;organique_beauce_5;orgeh;incorpore;644.0;5.7821858647996836;111.37656503235054;racines post recolte;residus racinaires;labile;0.0;0.0;0.0;0.0
2021;289;beauce_5_sa_042;organique_beauce_5;orgeh;surface;1130.9784681194924;10.154546136262931;111.37656503235056;aerien post recolte;residus aeriens;labile;0.0;0.0;0.0;0.0
2021;260;beauce_5_sa_043;organique_beauce_5;orgeh;incorpore;644.0;5.894243926390187;109.25913620856967;racines post recolte;residus racinaires;labile;0.0;0.0;0.0;0.0
2021;260;beauce_5_sa_043;organique_beauce_5;orgeh;surface;1214.2636712351223;11.113612219276197;109.25913620856967;aerien post recolte;residus aeriens;labile;0.0;0.0;0.0;0.0
2021;177;beauce_5_sa_044;organique_beauce_5;orgeh;incorpore;644.0;5.872258754188799;109.66819191007583;racines post recolte;residus racinaires;labile;0.0;0.0;0.0;0.0
2021;177;beauce_5_sa_044;organique_beauce_5;orgeh;surface;1197.793485586627;10.921977145103083;109.66819191007582;aerien post recolte;residus aeriens;labile;0.0;0.0;0.0;0.0
2021;141;beauce_5_sa_045;organique_beauce_5;orgeh;incorpore;644.0;5.729712971452122;112.39655515183449;racines post recolte;residus racinaires;labile;0.0;0.0;0.0;0.0
2021;141;beauce_5_sa_045;organique_beauce_5;orgeh;surface;1092.6695679045604;9.721557448344324;112.3965551518345;aerien post recolte;residus aeriens;labile;0.0;0.0;0.0;0.0
2021;214;beauce_5_sa_046;organique_beauce_5;orgeh;incorpore;644.0;6.047757896084063;106.48574414941304;racines post recolte;residus racinaires;labile;0.0;0.0;0.0;0.0
2021;214;beauce_5_sa_046;organique_beauce_5;orgeh;surface;1330.3121144914114;12.49286583023559;106.48574414941302;aerien post recolte;residus aeriens;labile;0.0;0.0;0.0;0.0
2021;116;beauce_5_sa_047;organique_beauce_5;orgeh;incorpore;644.0;5.836912768774011;110.33229817057317;racines post recolte;residus racinaires;labile;0.0;0.0;0.0;0.0
2021;116;beauce_5_sa_047;organique_beauce_5;orgeh;surface;1171.4359342343673;10.617343730331198;110.33229817057317;aerien post recolte;residus aeriens;labile;0.0;0.0;0.0;0.0
2021;173;beauce_5_sa_048;organique_beauce_5;orgeh;incorpore;644.0;6.164820987178572;104.46369835221067;racines post recolte;residus racinaires;labile;0.0;0.0;0.0;0.0
2021;173;beauce_5_sa_048;organique_beauce_5;orgeh;surface;1419.115429023719;13.584771087071966;104.46369835221067;aerien post recolte;residus aeriens;labile;0.0;0.0;0.0;0.0
2021;271;beauce_5_sa_049;organique_beauce_5;orgeh;incorpore;644.0;5.826128870897072;110.53651820455539;racines post recolte;residus racinaires;labile;0.0;0.0;0.0;0.0
2021;271;beauce_5_sa_049;organique_beauce_5;orgeh;surface;1163.4277303801623;10.5252793310095;110.5365182045554;aerien post recolte;residus aeriens;labile;0.0;0.0;0.0;0.0
2021;247;beauce_5_sa_050;organique_beauce_5;orgeh;incorpore;644.0;6.0700457565431245;106.09475213688609;racines post recolte;residus racinaires;labile;0.0;0.0;0.0;0.0
2021;247;beauce_5_sa_050;organique_beauce_5;orgeh;surface;1347.2346854896027;12.698410226279307;106.09475213688609;aerien post recolte;residus aeriens;labile;0.0;0.0;0.0;0.0
2021;205;beauce_5_sa_051;organique_beauce_5;orgeh;incorpore;644.0;5.997466685574816;107.37867065588827;racines post recolte;residus racinaires;labile;0.0;0.0;0.0;0.0
2021;205;beauce_5_sa_051;organique_beauce_5;orgeh;surface;1292.159118039225;12.033666557301222;107.37867065588829;aerien post recolte;residus aeriens;labile;0.0;0.0;0.0;0.0
2021;297;beauce_5_sa_052;organique_beauce_5;orgeh;incorpore;644.0;5.752113688503237;111.9588441527441;racines post recolte;residus racinaires;labile;0.0;0.0;0.0;0.0
2021;297;beauce_5_sa_052;organique_beauce_5;orgeh;surface;1108.9602961572573;9.905070962007397;111.9588441527441;aerien post recolte;residus aeriens;labile;0.0;0.0;0.0;0.0
2021;311;beauce_5_sa_053;organique_beauce_5;orgeh;incorpore;644.0;5.703211672522467;112.91883187550815;racines post recolte;residus racinaires;labile;0.0;0.0;0.0;0.0
2021;311;beauce_5_sa_053;organique_beauce_5;orgeh;surface;1073.5284642706497;9.50708085126318;112.91883187550813;aerien post recolte;residus aeriens;labile;0.0;0.0;0.0;0.0
2021;269;beauce_5_sa_054;organique_beauce_5;orgeh;incorpore;644.0;5.856045909659898;109.97181544251276;racines post recolte;residus racinaires;labile;0.0;0.0;0.0;0.0
2021;269;beauce_5_sa_054;organique_beauce_5;orgeh;surface;1185.6836809689585;10.781705077777579;109.97181544251275;aerien post recolte;residus aeriens;labile;0.0;0.0;0.0;0.0
2021;185;beauce_5_sa_055;organique_beauce_5;orgeh;incorpore;644.0;5.859082703309335;109.91481646713316;racines post recolte;residus racinaires;labile;0.0;0.0;0.0;0.0
2021;185;beauce_5_sa_055;organique_beauce_5;orgeh;surface;1187.9494708434077;10.807910243826223;109.91481646713315;aerien post recolte;residus aeriens;labile;0.0;0.0;0.0;0.0
2021;291;beauce_5_sa_056;organique_beauce_5;orgeh;incorpore;644.0;5.854049828472317;110.00931301742256;racines post recolte;residus racinaires;labile;0.0;0.0;0.0;0.0
2021;291;beauce_5_sa_056;organique_beauce_5;orgeh;surface;1184.1950189883817;10.76449790028992;110.00931301742256;aerien post recolte;residus aeriens;labile;0.0;0.0;0.0;0.0
2021;161;beauce_5_sa_057;organique_beauce_5;orgeh;incorpore;644.0;5.990489126239237;107.50374242049516;racines post recolte;residus racinaires;labile;0.0;0.0;0.0;0.0
2021;161;beauce_5_sa_057;organique_beauce_5;orgeh;surface;1286.8722391118588;11.970487818724735;107.50374242049516;aerien post recolte;residus aeriens;labile;0.0;0.0;0.0;0.0
2021;265;beauce_5_sa_058;organique_beauce_5;orgeh;incorpore;644.0;5.9722601272716656;107.8318737422781;racines post recolte;residus racinaires;labile;0.0;0.0;0.0;0.0
2021;265;beauce_5_sa_058;organique_beauce_5;orgeh;surface;1273.0711866203205;11.806074979861748;107.8318737422781;aerien post recolte;residus aeriens;labile;0.0;0.0;0.0;0.0
2021;256;beauce_5_sa_059;organique_beauce_5;orgeh;incorpore;644.0;6.011653137024372;107.12527574715746;racines post recolte;residus racinaires;labile;0.0;0.0;0.0;0.0
2021;256;beauce_5_sa_059;organique_beauce_5;orgeh;surface;1302.9141746395128;12.1625280826788;107.12527574715746;aerien post recolte;residus aeriens;labile;0.0;0.0;0.0;0.0
2021;298;beauce_5_sa_060;organique_beauce_5;orgeh;incorpore;644.0;5.752169226781669;111.95776316899443;racines post recolte;residus racinaires;labile;0.0;0.0;0.0;0.0
2021;298;beauce_5_sa_060;organique_beauce_5;orgeh;surface;1109.0008068439129;9.905528437272666;111.95776316899445;aerien post recolte;residus aeriens;labile;0.0;0.0;0.0;0.0
2021;144;beauce_5_sa_061;organique_beauce_5;orgeh;incorpore;644.0;5.763910895340327;111.7296938994362;racines post recolte;residus racinaires;labile;0.0;0.0;0.0;0.0
2021;144;beauce_5_sa_061;organique_beauce_5;orgeh;surface;1117.5783813075068;10.002518957166375;111.7296938994362;aerien post recolte;residus aeriens;labile;0.0;0.0;0.0;0.0
2021;162;beauce_5_sa_062;organique_beauce_5;orgeh;incorpore;644.0;5.85765432905612;109.94161891826275;racines post recolte;residus racinaires;labile;0.0;0.0;0.0;0.0
2021;162;beauce_5_sa_062;organique_beauce_5;orgeh;surface;1186.8835975270501;10.79558050177023;109.94161891826273;aerien post recolte;residus aeriens;labile;0.0;0.0;0.0;0.0
2021;157;beauce_5_sa_063;organique_beauce_5;orgeh;incorpore;644.0;6.048735045934258;106.46854178757154;racines post recolte;residus racinaires;labile;0.0;0.0;0.0;0.0
2021;157;beauce_5_sa_063;organique_beauce_5;orgeh;surface;1331.0539602828005;12.501852077006463;106.46854178757152;aerien post recolte;residus aeriens;labile;0.0;0.0;0.0;0.0
2021;111;beauce_5_sa_064;organique_beauce_5;orgeh;incorpore;644.0;5.767850314347688;111.65338295933793;racines post recolte;residus racinaires;labile;0.0;0.0;0.0;0.0
2021;111;beauce_5_sa_064;organique_beauce_5;orgeh;surface;1120.4619149091352;10.03518106851439;111.65338295933793;aerien post recolte;residus aeriens;labile;0.0;0.0;0.0;0.0
2021;97;beauce_5_sa_065;organique_beauce_5;orgeh;incorpore;644.0;5.858605671071229;109.92376619234838;racines post recolte;residus racinaires;labile;0.0;0.0;0.0;0.0
2021;97;beauce_5_sa_065;organique_beauce_5;orgeh;surface;1187.5934739645643;10.803791710397482;109.92376619234837;aerien post recolte;residus aeriens;labile;0.0;0.0;0.0;0.0
2021;289;beauce_5_sa_066;organique_beauce_5;orgeh;incorpore;644.0;5.795588395256527;111.11900226163232;racines post recolte;residus racinaires;labile;0.0;0.0;0.0;0.0
2021;289;beauce_5_sa_066;organique_beauce_5;orgeh;surface;1140.8425623501369;10.2668539055453;111.11900226163232;aerien post recolte;residus aeriens;labile;0.0;0.0;0.0;0.0
2021;115;beauce_5_sa_067;organique_beauce_5;orgeh;incorpore;644.0;5.69916851867537;112.99893973826234;racines post recolte;residus racinaires;labile;0.0;0.0;0.0;0.0
2021;115;beauce_5_sa_067;organique_beauce_5;orgeh;surface;1070.6213838591923;9.474614419737529;112.99893973826232;aerien post recolte;residus aeriens;labile;0.0;0.0;0.0;0.0
2021;108;beauce_5_sa_068;organique_beauce_5;orgeh;incorpore;644.0;5.7925930857937695;111.17646112229053;racines post recolte;residus racinaires;labile;0.0;0.0;0.0;0.0
2021;108;beauce_5_sa_068;organique_beauce_5;orgeh;surface;1138.6354448788977;10.24169534975965;111.17646112229055;aerien post recolte;residus aeriens;labile;0.0;0.0;0.0;0.0
2021;262;beauce_5_sa_069;organique_beauce_5;orgeh;incorpore;644.0;5.791803141044946;111.19162449361336;racines post recolte;residus racinaires;labile;0.0;0.0;0.0;0.0
2021;262;beauce_5_sa_069;organique_beauce_5;orgeh;surface;1138.0536150825642;10.23506599769061;111.19162449361333;aerien post recolte;residus aeriens;labile;0.0;0.0;0.0;0.0
2021;196;beauce_5_sa_070;organique_beauce_5;orgeh;incorpore;644.0;6.03183178381578;106.76690316993572;racines post recolte;residus racinaires;labile;0.0;0.0;0.0;0.0
2021;196;beauce_5_sa_070;organique_beauce_5;orgeh;surface;1318.2231102653266;12.346739215308835;106.76690316993572;aerien post recolte;residus aeriens;labile;0.0;0.0;0.0;0.0
2021;204;beauce_5_sa_071;organique_beauce_5;orgeh;incorpore;644.0;6.049829342097499;106.44928370437682;racines post recolte;residus racinaires;labile;0.0;0.0;0.0;0.0
2021;204;beauce_5_sa_071;organique_beauce_5;orgeh;surface;1331.8847556542519;12.511918439517778;106.44928370437684;aerien post recolte;residus aeriens;labile;0.0;0.0;0.0;0.0
2021;119;beauce_5_sa_072;organique_beauce_5;orgeh;incorpore;644.0;5.762061793130971;111.76554905532613;racines post recolte;residus racinaires;labile;0.0;0.0;0.0;0.0
2021;119;beauce_5_sa_072;organique_beauce_5;orgeh;surface;1116.2258712955916;9.987208766299155;111.76554905532615;aerien post recolte;residus aeriens;labile;0.0;0.0;0.0;0.0
2021;219;beauce_5_sa_073;organique_beauce_5;orgeh;incorpore;644.0;5.991413491636022;107.48715656147255;racines post recolte;residus racinaires;labile;0.0;0.0;0.0;0.0
2021;219;beauce_5_sa_073;organique_beauce_5;orgeh;surface;1287.5725050007723;11.978849810436673;107.48715656147253;aerien post recolte;residus aeriens;labile;0.0;0.0;0.0;0.0
2021;227;beauce_5_sa_074;organique_beauce_5;orgeh;incorpore;644.0;5.962726604126555;108.00428105395851;racines post recolte;residus racinaires;labile;0.0;0.0;0.0;0.0
2021;227;beauce_5_sa_074;organique_beauce_5;orgeh;surface;1265.8606850937974;11.7204676772153;108.00428105395851;aerien post recolte;residus aeriens;labile;0.0;0.0;0.0;0.0
2021;258;beauce_5_sa_075;organique_beauce_5;orgeh;incorpore;644.0;6.039488107059002;106.63155363238279;racines post recolte;residus racinaires;labile;0.0;0.0;0.0;0.0
2021;258;beauce_5_sa_075;organique_beauce_5;orgeh;surface;1324.0342549591142;12.41690859652841;106.63155363238279;aerien post recolte;residus aeriens;labile;0.0;0.0;0.0;0.0
2021;129;beauce_5_sa_076;organique_beauce_5;orgeh;incorpore;644.0;5.7621773808615915;111.76330706843073;racines post recolte;residus racinaires;labile;0.0;0.0;0.0;0.0
2021;129;beauce_5_sa_076;organique_beauce_5;orgeh;surface;1116.3103985724074;9.98816541719645;111.76330706843073;aerien post recolte;residus aeriens;labile;0.0;0.0;0.0;0.0
2021;283;beauce_5_sa_077;organique_beauce_5;orgeh;incorpore;644.0;5.820767017888379;110.63833993369937;racines post recolte;residus racinaires;labile;0.0;0.0;0.0;0.0
2021;283;beauce_5_sa_077;organique_beauce_5;orgeh;surface;1159.452235323979;10.479660450606788;110.63833993369937;aerien post recolte;residus aeriens;labile;0.0;0.0;0.0;0.0
2021;126;beauce_5_sa_078;organique_beauce_5;orgeh;incorpore;644.0;5.746708892538955;112.06414176227295;racines post recolte;residus racinaires;labile;0.0;0.0;0.0;0.0
2021;126;beauce_5_sa_078;organique_beauce_5;orgeh;surface;1105.0207480015865;9.860609563634727;112.06414176227297;aerien post recolte;residus aeriens;labile;0.0;0.0;0.0;0.0
2021;179;beauce_5_sa_079;organique_beauce_5;orgeh;incorpore;644.0;5.804882051641474;110.94109996910153;racines post recolte;residus racinaires;labile;0.0;0.0;0.0;0.0
2021;179;beauce_5_sa_079;organique_beauce_5;orgeh;surface;1147.6999612802306;10.34512873587768;110.94109996910153;aerien post recolte;residus aeriens;labile;0.0;0.0;0.0;0.0
2021;102;beauce_5_sa_080;organique_beauce_5;orgeh;incorpore;644.0;6.005181147610339;107.24072832611701;racines post recolte;residus racinaires;labile;0.0;0.0;0.0;0.0
2021;102;beauce_5_sa_080;organique_beauce_5;orgeh;surface;1298.0066910165442;12.103672842181103;107.24072832611701;aerien post recolte;residus aeriens;labile;0.0;0.0;0.0;0.0
2021;173;beauce_5_sa_081;organique_beauce_5;orgeh;incorpore;644.0;5.807069015482223;110.89931913725013;racines post recolte;residus racinaires;labile;0.0;0.0;0.0;0.0
2021;173;beauce_5_sa_081;organique_beauce_5;orgeh;surface;1149.3156371819546;10.363595070944934;110.89931913725013;aerien post recolte;residus aeriens;labile;0.0;0.0;0.0;0.0
2021;129;beauce_5_sa_082;organique_beauce_5;orgeh;incorpore;644.0;5.743274073328077;112.13116277886749;racines post recolte;residus racinaires;labile;0.0;0.0;0.0;0.0
2021;129;beauce_5_sa_082;organique_beauce_5;orgeh;surface;1102.5200340872382;9.832414172512458;112.1311627788675;aerien post recolte;residus aeriens;labile;0.0;0.0;0.0;0.0
2021;111;beauce_5_sa_083;organique_beauce_5;orgeh;incorpore;644.0;5.929000233123599;108.61864980239997;racines post recolte;residus racinaires;labile;0.0;0.0;0.0;0.0
2021;111;beauce_5_sa_083;organique_beauce_5;orgeh;surface;1240.4014615206302;11.419783469755696;108.61864980239999;aerien post recolte;residus aeriens;labile;0.0;0.0;0.0;0.0
2021;308;beauce_5_sa_084;organique_beauce_5;orgeh;incorpore;644.0;5.740800840525897;112.17947075499055;racines post recolte;residus racinaires;labile;0.0;0.0;0.0;0.0
2021;308;beauce_5_sa_084;organique_beauce_5;orgeh;surface;1100.7208230629155;9.812141345068234;112.17947075499055;aerien post recolte;residus aeriens;labile;0.0;0.0;0.0;0.0
2021;271;beauce_5_sa_085;organique_beauce_5;orgeh;incorpore;644.0;5.818558183017397;110.68034034267119;racines post recolte;residus racinaires;labile;0.0;0.0;0.0;0.0
2021;271;beauce_5_sa_085;organique_beauce_5;orgeh;surface;1157.815755306102;10.46089803953849;110.68034034267119;aerien post recolte;residus aeriens;labile;0.0;0.0;0.0;0.0
2021;274;beauce_5_sa_086;organique_beauce_5;orgeh;incorpore;644.0;5.842100474369533;110.23432459358705;racines post recolte;residus racinaires;labile;0.0;0.0;0.0;0.0
2021;274;beauce_5_sa_086;organique_beauce_5;orgeh;surface;1175.2941738465208;10.661780513280293;110.23432459358703;aerien post recolte;residus aeriens;labile;0.0;0.0;0.0;0.0
2021;275;beauce_5_sa_087;organique_beauce_5;orgeh;incorpore;644.0;5.863745937028379;109.82740502675418;racines post recolte;residus racinaires;labile;0.0;0.0;0.0;0.0
2021;275;beauce_5_sa_087;organique_beauce_5;orgeh;surface;1191.431017548376;10.848212404346084;109.82740502675418;aerien post recolte;residus aeriens;labile;0.0;0.0;0.0;0.0
2021;271;beauce_5_sa_088;organique_beauce_5;orgeh;incorpore;644.0;5.892564354831868;109.29027859864166;racines post recolte;residus racinaires;labile;0.0;0.0;0.0;0.0
2021;271;beauce_5_sa_088;organique_beauce_5;orgeh;surface;1213.003562691889;11.098915459320326;109.29027859864165;aerien post recolte;residus aeriens;labile;0.0;0.0;0.0;0.0
2021;121;beauce_5_sa_089;organique_beauce_5;orgeh;incorpore;644.0;5.793728856206596;111.1546667065905;racines post recolte;residus racinaires;labile;0.0;0.0;0.0;0.0
2021;121;beauce_5_sa_089;organique_beauce_5;orgeh;surface;1139.472172064232;10.251231062318242;111.1546667065905;aerien post recolte;residus aeriens;labile;0.0;0.0;0.0;0.0
2021;236;beauce_5_sa_090;organique_beauce_5;orgeh;incorpore;644.0;5.943092103479813;108.361100381218;racines post recolte;residus racinaires;labile;0.0;0.0;0.0;0.0
2021;236;beauce_5_sa_090;organique_beauce_5;orgeh;surface;1251.0289497159786;11.545000422797635;108.36110038121798;aerien post recolte;residus aeriens;labile;0.0;0.0;0.0;0.0
2021;287;beauce_5_sa_091;organique_beauce_5;orgeh;incorpore;644.0;5.85189199802405;110.04987792280737;racines post recolte;residus racinaires;labile;0.0;0.0;0.0;0.0
2021;287;beauce_5_sa_091;organique_beauce_5;orgeh;surface;1182.586302573729;10.745911989136728;110.04987792280737;aerien post recolte;residus aeriens;labile;0.0;0.0;0.0;0.0
2021;255;beauce_5_sa_092;organique_beauce_5;orgeh;incorpore;644.0;5.9072829868323415;109.01797009479847;racines post recolte;residus racinaires;labile;0.0;0.0;0.0;0.0
2021;255;beauce_5_sa_092;organique_beauce_5;orgeh;surface;1224.0560737981136;11.228021148565823;109.01797009479847;aerien post recolte;residus aeriens;labile;0.0;0.0;0.0;0.0
2021;131;beauce_5_sa_093;organique_beauce_5;orgeh;incorpore;644.0;5.7174916717545115;112.63680595836836;racines post recolte;residus racinaires;labile;0.0;0.0;0.0;0.0
2021;131;beauce_5_sa_093;organique_beauce_5;orgeh;surface;1083.8241726121344;9.622291429434942;112.63680595836836;aerien post recolte;residus aeriens;labile;0.0;0.0;0.0;0.0
2021;125;beauce_5_sa_094;organique_beauce_5;orgeh;incorpore;644.0;5.816748580256027;110.714773230177;racines post recolte;residus racinaires;labile;0.0;0.0;0.0;0.0
2021;125;beauce_5_sa_094;organique_beauce_5;orgeh;surface;1156.4756040189657;10.445540105245419;110.71477323017699;aerien post recolte;residus aeriens;labile;0.0;0.0;0.0;0.0
2021;161;beauce_5_sa_095;organique_beauce_5;orgeh;incorpore;644.0;6.012834555942881;107.1042274668097;racines post recolte;residus racinaires;labile;0.0;0.0;0.0;0.0
2021;161;beauce_5_sa_095;organique_beauce_5;orgeh;surface;1303.810157680016;12.17328380510518;107.10422746680969;aerien post recolte;residus aeriens;labile;0.0;0.0;0.0;0.0
2021;145;beauce_5_sa_096;organique_beauce_5;orgeh;incorpore;644.0;6.023639199558175;106.91211386751658;racines post recolte;residus racinaires;labile;0.0;0.0;0.0;0.0
2021;145;beauce_5_sa_096;organique_beauce_5;orgeh;surface;1312.0063276756039;12.271821033315426;106.91211386751658;aerien post recolte;residus aeriens;labile;0.0;0.0;0.0;0.0
2021;222;beauce_5_sa_097;organique_beauce_5;orgeh;incorpore;644.0;5.991436973111736;107.486735300752;racines post recolte;residus racinaires;labile;0.0;0.0;0.0;0.0
2021;222;beauce_5_sa_097;organique_beauce_5;orgeh;surface;1287.5902942242428;11.979062259371036;107.48673530075202;aerien post recolte;residus aeriens;labile;0.0;0.0;0.0;0.0
2021;138;beauce_5_sa_098;organique_beauce_5;orgeh;incorpore;644.0;5.743721854263256;112.12242102601006;racines post recolte;residus racinaires;labile;0.0;0.0;0.0;0.0
2021;138;beauce_5_sa_098;organique_beauce_5;orgeh;surface;1102.8459104298593;9.836087201274598;112.12242102601004;aerien post recolte;residus aeriens;labile;0.0;0.0;0.0;0.0
2021;239;beauce_5_sa_099;organique_beauce_5;orgeh;incorpore;644.0;5.934213755358669;108.52322254459742;racines post recolte;residus racinaires;labile;0.0;0.0;0.0;0.0
2021;239;beauce_5_sa_099;organique_beauce_5;orgeh;surface;1244.3314502818512;11.466038522496834;108.52322254459744;aerien post recolte;residus aeriens;labile;0.0;0.0;0.0;0.0
