annee;date;parcelle;exploitation;culture;ITK;OT;temps[h];profondeur[cm];RECOLTE_rendement[t/ha];RECOLTE_risqueEchaudage[%];RECOLTE_impactGel[%];IRRIGATION_dose[mm];IRRIGATION_reelle[mm];FERTI_produit;FERTI_nature;FERTI_annulee;FERTI_doseBruteOrg[kg/ha];FERTI_apportNminTheorique[kg/ha];FERTI_apportNminReel[kg/ha];FERTI_apportNorg_labile[kg/ha];FERTI_apportNorg_recalcitrant[kg/ha];BIOMASSE_export[t/ha];BIOMASSE_aer_restit[t/ha];BIOMASSE_rac_restit[t/ha];N_export[kg/ha];C_export[kg/ha];id_lot;nb_ugb;duree_pature[j];herbe_consommee[kg]
2019;305;sudouest_1_1;organique_sudouest_1;maisT;mais_tousSols_nonirr_organique;SEMIS;0.55;0.0;;;;;;;;;;;;;;;;;;;;;;
2019;299;beauce_1_1;organique_beauce_1;orgeh;orgeH_tousSols_nonirr_organique;SEMIS;0.92;6.0;;;;;;;;;;;;;;;;;;;;;;
2019;266;sudouest_2_1;mineral_sudouest_2;maisT;mais_tousSols_nonirr_mineral;SEMIS;0.83;0.0;;;;;;;;;;;;;;;;;;;;;;
2019;291;sudouest_3_1;organique_sudouest_3;maisT;mais_tousSols_irr_organique;SEMIS;0.52;4.0;;;;;;;;;;;;;;;;;;;;;;
2019;288;sudouest_3_1;organique_sudouest_3;maisT;mais_tousSols_irr_organique;TRAVAIL_SOL;0.85;0.0;;;;;;;;;;;;;;;;;;;;;;
2019;316;sudouest_4_1;mineral_sudouest_4;maisT;mais_tousSols_irr_mineral;SEMIS;0.67;4.0;;;;;;;;;;;;;;;;;;;;;;
2019;308;sudouest_5_1;organique_sudouest_5;maisT;mais_tousSols_nonirr_organique;SEMIS;0.74;0.0;;;;;;;;;;;;;;;;;;;;;;
2019;271;beauce_2_1;mineral_beauce_2;orgeh;orgeH_tousSols_nonirr_mineral;SEMIS;0.94;6.0;;;;;;;;;;;;;;;;;;;;;;
2019;261;beauce_2_1;mineral_beauce_2;orgeh;orgeH_tousSols_nonirr_mineral;TRAVAIL_SOL;0.55;0.0;;;;;;;;;;;;;;;;;;;;;;
2019;311;sudouest_6_1;mineral_sudouest_6;maisT;mais_tousSols_nonirr_mineral;SEMIS;0.61;0.0;;;;;;;;;;;;;;;;;;;;;;
2019;289;sudouest_7_1;organique_sudouest_7;maisT;mais_tousSols_irr_organique;SEMIS;0.57;4.0;;;;;;;;;;;;;;;;;;;;;;
2019;271;sudouest_7_1;organique_sudouest_7;maisT;mais_tousSols_irr_organique;TRAVAIL_SOL;0.93;0.0;;;;;;;;;;;;;;;;;;;;;;
2019;317;sudouest_8_1;mineral_sudouest_8;maisT;mais_tousSols_irr_mineral;SEMIS;0.43;4.0;;;;;;;;;;;;;;;;;;;;;;
2019;307;sudouest_8_1;mineral_sudouest_8;maisT;mais_tousSols_irr_mineral;TRAVAIL_SOL;0.19;0.0;;;;;;;;;;;;;;;;;;;;;;
2019;275;sudouest_9_1;organique_sudouest_9;maisT;mais_tousSols_nonirr_organique;SEMIS;0.56;0.0;;;;;;;;;;;;;;;;;;;;;;
2019;313;beauce_3_1;organique_beauce_3;orgeh;orgeH_tousSols_irr_organique;SEMIS;0.8;6.0;;;;;;;;;;;;;;;;;;;;;;
2019;281;beauce_4_1;mineral_beauce_4;orgeh;orgeH_tousSols_irr_mineral;SEMIS;1.04;6.0;;;;;;;;;;;;;;;;;;;;;;
2019;275;beauce_4_1;mineral_beauce_4;orgeh;orgeH_tousSols_irr_mineral;TRAVAIL_SOL;1.12;15.0;;;;;;;;;;;;;;;;;;;;;;
2019;273;beauce_5_1;organique_beauce_5;orgeh;orgeH_tousSols_nonirr_organique;SEMIS;0.86;6.0;;;;;;;;;;;;;;;;;;;;;;
2019;275;beauce_6_1;mineral_beauce_6;orgeh;orgeH_tousSols_nonirr_mineral;SEMIS;0.98;6.0;;;;;;;;;;;;;;;;;;;;;;
2019;250;beauce_6_1;mineral_beauce_6;orgeh;orgeH_tousSols_nonirr_mineral;TRAVAIL_SOL;0.57;5.0;;;;;;;;;;;;;;;;;;;;;;
2019;268;beauce_7_1;organique_beauce_7;orgeh;orgeH_tousSols_irr_organique;SEMIS;0.76;6.0;;;;;;;;;;;;;;;;;;;;;;
2019;317;beauce_8_1;mineral_beauce_8;orgeh;orgeH_tousSols_irr_mineral;SEMIS;0.52;6.0;;;;;;;;;;;;;;;;;;;;;;
2019;310;beauce_8_1;mineral_beauce_8;orgeh;orgeH_tousSols_irr_mineral;TRAVAIL_SOL;0.56;24.0;;;;;;;;;;;;;;;;;;;;;;
2019;304;sudouest_10_1;mineral_sudouest_10;maisT;mais_tousSols_nonirr_mineral;SEMIS;0.36;0.0;;;;;;;;;;;;;;;;;;;;;;
2019;288;sudouest_11_1;organique_sudouest_11;maisT;mais_tousSols_irr_organique;SEMIS;0.45;4.0;;;;;;;;;;;;;;;;;;;;;;
2019;273;sudouest_11_1;organique_sudouest_11;maisT;mais_tousSols_irr_organique;TRAVAIL_SOL;0.73;0.0;;;;;;;;;;;;;;;;;;;;;;
2019;280;oceanique_1_1;organique_oceanique_1;CP;ble_tousSols_nonirr_organique;SEMIS;1.0;0.0;;;;;;;;;;;;;;;;;;;;;;
2019;257;oceanique_1_1;organique_oceanique_1;CP;ble_tousSols_nonirr_organique;TRAVAIL_SOL;0.0;0.0;;;;;;;;;;;;;;;;;;;;;;
2019;304;oceanique_2_1;mineral_oceanique_2;CP;ble_tousSols_nonirr_mineral;SEMIS;0.91;3.0;;;;;;;;;;;;;;;;;;;;;;
2019;303;sudouest_12_1;mineral_sudouest_12;maisT;mais_tousSols_irr_mineral;SEMIS;0.62;4.0;;;;;;;;;;;;;;;;;;;;;;
2019;298;sudouest_12_1;mineral_sudouest_12;maisT;mais_tousSols_irr_mineral;TRAVAIL_SOL;1.01;24.0;;;;;;;;;;;;;;;;;;;;;;
2019;279;sudouest_13_1;organique_sudouest_13;maisT;mais_tousSols_nonirr_organique;SEMIS;0.5;0.0;;;;;;;;;;;;;;;;;;;;;;
2019;261;sudouest_13_1;organique_sudouest_13;maisT;mais_tousSols_nonirr_organique;TRAVAIL_SOL;0.22;0.0;;;;;;;;;;;;;;;;;;;;;;
2019;265;sudouest_14_1;mineral_sudouest_14;maisT;mais_tousSols_nonirr_mineral;SEMIS;0.42;0.0;;;;;;;;;;;;;;;;;;;;;;
2019;319;sudouest_15_1;organique_sudouest_15;maisT;mais_tousSols_irr_organique;SEMIS;0.62;4.0;;;;;;;;;;;;;;;;;;;;;;
2019;268;sudouest_16_1;mineral_sudouest_16;maisT;mais_tousSols_irr_mineral;SEMIS;0.78;4.0;;;;;;;;;;;;;;;;;;;;;;
2019;266;oceanique_3_1;organique_oceanique_3;CP;ble_tousSols_nonirr_organique;SEMIS;0.96;0.0;;;;;;;;;;;;;;;;;;;;;;
2019;310;oceanique_4_1;mineral_oceanique_4;CP;ble_tousSols_nonirr_mineral;SEMIS;0.53;3.0;;;;;;;;;;;;;;;;;;;;;;
2019;280;oceanique_4_1;mineral_oceanique_4;CP;ble_tousSols_nonirr_mineral;TRAVAIL_SOL;0.53;0.0;;;;;;;;;;;;;;;;;;;;;;
2019;290;sudouest_17_1;organique_sudouest_17;maisT;mais_tousSols_nonirr_organique;SEMIS;0.53;0.0;;;;;;;;;;;;;;;;;;;;;;
2019;278;sudouest_17_1;organique_sudouest_17;maisT;mais_tousSols_nonirr_organique;TRAVAIL_SOL;1.06;0.0;;;;;;;;;;;;;;;;;;;;;;
2019;308;beauce_9_1;organique_beauce_9;orgeh;orgeH_tousSols_nonirr_organique;SEMIS;0.4;6.0;;;;;;;;;;;;;;;;;;;;;;
2019;282;beauce_9_1;organique_beauce_9;orgeh;orgeH_tousSols_nonirr_organique;TRAVAIL_SOL;0.23;0.0;;;;;;;;;;;;;;;;;;;;;;
2019;274;oceanique_5_1;organique_oceanique_5;CP;ble_tousSols_nonirr_organique;SEMIS;1.15;0.0;;;;;;;;;;;;;;;;;;;;;;
2019;267;oceanique_5_1;organique_oceanique_5;CP;ble_tousSols_nonirr_organique;TRAVAIL_SOL;0.0;0.0;;;;;;;;;;;;;;;;;;;;;;
2019;305;sudouest_18_1;mineral_sudouest_18;maisT;mais_tousSols_nonirr_mineral;SEMIS;0.53;0.0;;;;;;;;;;;;;;;;;;;;;;
2019;262;sudouest_19_1;organique_sudouest_19;maisT;mais_tousSols_irr_organique;SEMIS;0.59;4.0;;;;;;;;;;;;;;;;;;;;;;
2019;232;sudouest_19_1;organique_sudouest_19;maisT;mais_tousSols_irr_organique;TRAVAIL_SOL;0.97;0.0;;;;;;;;;;;;;;;;;;;;;;
2019;300;sudouest_20_1;mineral_sudouest_20;maisT;mais_tousSols_irr_mineral;SEMIS;0.42;4.0;;;;;;;;;;;;;;;;;;;;;;
2019;284;sudouest_21_1;organique_sudouest_21;maisT;mais_tousSols_nonirr_organique;SEMIS;0.5;0.0;;;;;;;;;;;;;;;;;;;;;;
2019;271;sudouest_21_1;organique_sudouest_21;maisT;mais_tousSols_nonirr_organique;TRAVAIL_SOL;0.99;0.0;;;;;;;;;;;;;;;;;;;;;;
2019;311;sudouest_22_1;mineral_sudouest_22;maisT;mais_tousSols_nonirr_mineral;SEMIS;0.77;0.0;;;;;;;;;;;;;;;;;;;;;;
2019;285;sudouest_22_1;mineral_sudouest_22;maisT;mais_tousSols_nonirr_mineral;TRAVAIL_SOL;1.54;0.0;;;;;;;;;;;;;;;;;;;;;;
2019;313;sudouest_23_1;organique_sudouest_23;maisT;mais_tousSols_irr_organique;SEMIS;0.83;4.0;;;;;;;;;;;;;;;;;;;;;;
2019;317;oceanique_6_1;mineral_oceanique_6;CP;ble_tousSols_nonirr_mineral;SEMIS;1.13;0.0;;;;;;;;;;;;;;;;;;;;;;
2019;265;beauce_10_1;mineral_beauce_10;orgeh;orgeH_tousSols_nonirr_mineral;SEMIS;0.68;6.0;;;;;;;;;;;;;;;;;;;;;;
2019;249;beauce_10_1;mineral_beauce_10;orgeh;orgeH_tousSols_nonirr_mineral;TRAVAIL_SOL;0.74;24.0;;;;;;;;;;;;;;;;;;;;;;
2019;283;beauce_11_1;organique_beauce_11;orgeh;orgeH_tousSols_irr_organique;SEMIS;0.58;6.0;;;;;;;;;;;;;;;;;;;;;;
2019;300;beauce_12_1;mineral_beauce_12;orgeh;orgeH_tousSols_irr_mineral;SEMIS;0.72;6.0;;;;;;;;;;;;;;;;;;;;;;
2019;286;beauce_12_1;mineral_beauce_12;orgeh;orgeH_tousSols_irr_mineral;TRAVAIL_SOL;0.42;0.0;;;;;;;;;;;;;;;;;;;;;;
2019;270;sudouest_24_1;mineral_sudouest_24;maisT;mais_tousSols_irr_mineral;SEMIS;0.46;4.0;;;;;;;;;;;;;;;;;;;;;;
2019;320;beauce_13_1;organique_beauce_13;CP;ble_tousSols_nonirr_organique;SEMIS;1.64;0.0;;;;;;;;;;;;;;;;;;;;;;
2019;308;beauce_14_1;organique_beauce_14;maisT;mais_tousSols_nonirr_organique;SEMIS;0.53;0.0;;;;;;;;;;;;;;;;;;;;;;
2019;285;beauce_15_1;organique_beauce_15;maisT;mais_tousSols_nonirr_organique;SEMIS;0.67;0.0;;;;;;;;;;;;;;;;;;;;;;
2019;266;beauce_15_1;organique_beauce_15;maisT;mais_tousSols_nonirr_organique;TRAVAIL_SOL;1.35;0.0;;;;;;;;;;;;;;;;;;;;;;
2019;318;beauce_16_1;mineral_beauce_16;maisT;mais_tousSols_nonirr_mineral;SEMIS;1.01;0.0;;;;;;;;;;;;;;;;;;;;;;
2019;278;beauce_17_1;mineral_beauce_17;CP;ble_tousSols_nonirr_mineral;SEMIS;1.1;0.0;;;;;;;;;;;;;;;;;;;;;;
2019;256;beauce_17_1;mineral_beauce_17;CP;ble_tousSols_nonirr_mineral;TRAVAIL_SOL;0.0;24.0;;;;;;;;;;;;;;;;;;;;;;
2019;283;beauce_18_1;mineral_beauce_18;maisT;mais_tousSols_nonirr_mineral;SEMIS;0.93;0.0;;;;;;;;;;;;;;;;;;;;;;
2019;287;beauce_19_1;organique_beauce_19;CP;ble_tousSols_irr_organique;SEMIS;1.94;0.0;;;;;;;;;;;;;;;;;;;;;;
2019;300;beauce_20_1;organique_beauce_20;maisT;mais_tousSols_irr_organique;SEMIS;0.6;4.0;;;;;;;;;;;;;;;;;;;;;;
2019;288;beauce_21_1;organique_beauce_21;maisT;mais_tousSols_irr_organique;SEMIS;0.44;4.0;;;;;;;;;;;;;;;;;;;;;;
2019;267;beauce_22_1;mineral_beauce_22;maisT;mais_tousSols_irr_mineral;SEMIS;0.4;4.0;;;;;;;;;;;;;;;;;;;;;;
2019;306;beauce_23_1;mineral_beauce_23;CP;ble_tousSols_irr_mineral;SEMIS;0.89;3.0;;;;;;;;;;;;;;;;;;;;;;
2019;287;beauce_23_1;mineral_beauce_23;CP;ble_tousSols_irr_mineral;TRAVAIL_SOL;0.89;0.0;;;;;;;;;;;;;;;;;;;;;;
2019;319;beauce_24_1;mineral_beauce_24;maisT;mais_tousSols_irr_mineral;SEMIS;1.02;4.0;;;;;;;;;;;;;;;;;;;;;;
2019;310;beauce_24_1;mineral_beauce_24;maisT;mais_tousSols_irr_mineral;TRAVAIL_SOL;0.46;0.0;;;;;;;;;;;;;;;;;;;;;;
2019;262;beauce_25_1;organique_beauce_25;CP;ble_tousSols_nonirr_organique;SEMIS;1.57;0.0;;;;;;;;;;;;;;;;;;;;;;
2019;239;beauce_25_1;organique_beauce_25;CP;ble_tousSols_nonirr_organique;TRAVAIL_SOL;1.57;0.0;;;;;;;;;;;;;;;;;;;;;;
2019;304;beauce_26_1;organique_beauce_26;maisT;mais_tousSols_nonirr_organique;SEMIS;0.68;0.0;;;;;;;;;;;;;;;;;;;;;;
2019;270;beauce_27_1;organique_beauce_27;maisT;mais_tousSols_nonirr_organique;SEMIS;1.1;0.0;;;;;;;;;;;;;;;;;;;;;;
2019;260;beauce_27_1;organique_beauce_27;maisT;mais_tousSols_nonirr_organique;TRAVAIL_SOL;0.5;0.0;;;;;;;;;;;;;;;;;;;;;;
2019;319;beauce_28_1;mineral_beauce_28;maisT;mais_tousSols_nonirr_mineral;SEMIS;0.57;0.0;;;;;;;;;;;;;;;;;;;;;;
2019;307;beauce_29_1;mineral_beauce_29;CP;ble_tousSols_nonirr_mineral;SEMIS;1.41;3.0;;;;;;;;;;;;;;;;;;;;;;
2019;293;beauce_29_1;mineral_beauce_29;CP;ble_tousSols_nonirr_mineral;TRAVAIL_SOL;0.0;0.0;;;;;;;;;;;;;;;;;;;;;;
2019;278;beauce_30_1;mineral_beauce_30;maisT;mais_tousSols_nonirr_mineral;SEMIS;0.49;0.0;;;;;;;;;;;;;;;;;;;;;;
2019;266;beauce_31_1;organique_beauce_31;CP;ble_tousSols_irr_organique;SEMIS;1.86;0.0;;;;;;;;;;;;;;;;;;;;;;
2019;281;beauce_32_1;organique_beauce_32;maisT;mais_tousSols_irr_organique;SEMIS;0.63;4.0;;;;;;;;;;;;;;;;;;;;;;
2019;262;beauce_33_1;organique_beauce_33;maisT;mais_tousSols_irr_organique;SEMIS;0.51;4.0;;;;;;;;;;;;;;;;;;;;;;
2019;308;beauce_34_1;mineral_beauce_34;maisT;mais_tousSols_irr_mineral;SEMIS;0.57;4.0;;;;;;;;;;;;;;;;;;;;;;
2019;286;beauce_34_1;mineral_beauce_34;maisT;mais_tousSols_irr_mineral;TRAVAIL_SOL;0.26;0.0;;;;;;;;;;;;;;;;;;;;;;
2019;294;beauce_35_1;mineral_beauce_35;CP;ble_tousSols_irr_mineral;SEMIS;1.47;3.0;;;;;;;;;;;;;;;;;;;;;;
2019;287;beauce_35_1;mineral_beauce_35;CP;ble_tousSols_irr_mineral;TRAVAIL_SOL;0.0;0.0;;;;;;;;;;;;;;;;;;;;;;
2019;295;beauce_36_1;mineral_beauce_36;maisT;mais_tousSols_irr_mineral;SEMIS;1.05;4.0;;;;;;;;;;;;;;;;;;;;;;
2019;276;beauce_36_1;mineral_beauce_36;maisT;mais_tousSols_irr_mineral;TRAVAIL_SOL;0.47;0.0;;;;;;;;;;;;;;;;;;;;;;
2019;289;beauce_37_1;organique_beauce_37;CP;ble_tousSols_nonirr_organique;SEMIS;1.11;0.0;;;;;;;;;;;;;;;;;;;;;;
2019;302;beauce_38_1;organique_beauce_38;maisT;mais_tousSols_nonirr_organique;SEMIS;0.97;0.0;;;;;;;;;;;;;;;;;;;;;;
2019;285;beauce_38_1;organique_beauce_38;maisT;mais_tousSols_nonirr_organique;TRAVAIL_SOL;0.44;0.0;;;;;;;;;;;;;;;;;;;;;;
2019;308;beauce_39_1;organique_beauce_39;maisT;mais_tousSols_nonirr_organique;SEMIS;0.58;0.0;;;;;;;;;;;;;;;;;;;;;;
2019;310;beauce_40_1;mineral_beauce_40;maisT;mais_tousSols_nonirr_mineral;SEMIS;0.86;0.0;;;;;;;;;;;;;;;;;;;;;;
2019;281;beauce_40_1;mineral_beauce_40;maisT;mais_tousSols_nonirr_mineral;TRAVAIL_SOL;0.39;0.0;;;;;;;;;;;;;;;;;;;;;;
2019;299;beauce_41_1;mineral_beauce_41;CP;ble_tousSols_nonirr_mineral;SEMIS;1.75;3.0;;;;;;;;;;;;;;;;;;;;;;
2019;275;beauce_42_1;mineral_beauce_42;maisT;mais_tousSols_nonirr_mineral;SEMIS;0.97;0.0;;;;;;;;;;;;;;;;;;;;;;
2019;252;beauce_42_1;mineral_beauce_42;maisT;mais_tousSols_nonirr_mineral;TRAVAIL_SOL;1.95;0.0;;;;;;;;;;;;;;;;;;;;;;
2019;286;beauce_43_1;organique_beauce_43;CP;ble_tousSols_irr_organique;SEMIS;0.75;0.0;;;;;;;;;;;;;;;;;;;;;;
2019;275;beauce_43_1;organique_beauce_43;CP;ble_tousSols_irr_organique;TRAVAIL_SOL;0.75;0.0;;;;;;;;;;;;;;;;;;;;;;
2019;268;beauce_44_1;organique_beauce_44;maisT;mais_tousSols_irr_organique;SEMIS;0.93;4.0;;;;;;;;;;;;;;;;;;;;;;
2019;263;beauce_45_1;organique_beauce_45;maisT;mais_tousSols_irr_organique;SEMIS;1.01;4.0;;;;;;;;;;;;;;;;;;;;;;
2019;265;beauce_46_1;mineral_beauce_46;maisT;mais_tousSols_irr_mineral;SEMIS;0.9;4.0;;;;;;;;;;;;;;;;;;;;;;
2019;301;beauce_47_1;mineral_beauce_47;CP;ble_tousSols_irr_mineral;SEMIS;1.06;3.0;;;;;;;;;;;;;;;;;;;;;;
2019;284;beauce_48_1;mineral_beauce_48;maisT;mais_tousSols_irr_mineral;SEMIS;0.95;4.0;;;;;;;;;;;;;;;;;;;;;;
2019;270;oceanique_7_1;organique_oceanique_7;orgeh;orgeH_tousSols_nonirr_organique;SEMIS;0.88;6.0;;;;;;;;;;;;;;;;;;;;;;
2019;267;oceanique_8_1;organique_oceanique_8;maisT;mais_tousSols_nonirr_organique;SEMIS;0.84;0.0;;;;;;;;;;;;;;;;;;;;;;
2019;253;oceanique_8_1;organique_oceanique_8;maisT;mais_tousSols_nonirr_organique;TRAVAIL_SOL;0.38;0.0;;;;;;;;;;;;;;;;;;;;;;
2019;266;oceanique_9_1;organique_oceanique_9;maisT;mais_tousSols_nonirr_organique;SEMIS;0.94;0.0;;;;;;;;;;;;;;;;;;;;;;
2019;254;oceanique_9_1;organique_oceanique_9;maisT;mais_tousSols_nonirr_organique;TRAVAIL_SOL;0.42;0.0;;;;;;;;;;;;;;;;;;;;;;
2019;317;oceanique_10_1;mineral_oceanique_10;maisT;mais_tousSols_nonirr_mineral;SEMIS;0.98;0.0;;;;;;;;;;;;;;;;;;;;;;
2019;316;oceanique_10_1;mineral_oceanique_10;maisT;mais_tousSols_nonirr_mineral;TRAVAIL_SOL;0.44;0.0;;;;;;;;;;;;;;;;;;;;;;
2019;271;oceanique_11_1;mineral_oceanique_11;orgeh;orgeH_tousSols_nonirr_mineral;SEMIS;1.32;6.0;;;;;;;;;;;;;;;;;;;;;;
2019;256;oceanique_11_1;mineral_oceanique_11;orgeh;orgeH_tousSols_nonirr_mineral;TRAVAIL_SOL;0.77;0.0;;;;;;;;;;;;;;;;;;;;;;
2019;291;oceanique_12_1;mineral_oceanique_12;maisT;mais_tousSols_nonirr_mineral;SEMIS;1.05;0.0;;;;;;;;;;;;;;;;;;;;;;
2019;277;oceanique_13_1;organique_oceanique_13;orgeh;orgeH_tousSols_nonirr_organique;SEMIS;1.11;6.0;;;;;;;;;;;;;;;;;;;;;;
2019;295;oceanique_14_1;organique_oceanique_14;maisT;mais_tousSols_nonirr_organique;SEMIS;0.75;0.0;;;;;;;;;;;;;;;;;;;;;;
2019;270;oceanique_14_1;organique_oceanique_14;maisT;mais_tousSols_nonirr_organique;TRAVAIL_SOL;1.49;0.0;;;;;;;;;;;;;;;;;;;;;;
2019;297;oceanique_15_1;organique_oceanique_15;maisT;mais_tousSols_nonirr_organique;SEMIS;0.62;0.0;;;;;;;;;;;;;;;;;;;;;;
2019;283;oceanique_15_1;organique_oceanique_15;maisT;mais_tousSols_nonirr_organique;TRAVAIL_SOL;0.28;0.0;;;;;;;;;;;;;;;;;;;;;;
2019;295;oceanique_16_1;mineral_oceanique_16;maisT;mais_tousSols_nonirr_mineral;SEMIS;0.87;0.0;;;;;;;;;;;;;;;;;;;;;;
2019;275;oceanique_17_1;mineral_oceanique_17;orgeh;orgeH_tousSols_nonirr_mineral;SEMIS;1.12;6.0;;;;;;;;;;;;;;;;;;;;;;
2019;259;oceanique_17_1;mineral_oceanique_17;orgeh;orgeH_tousSols_nonirr_mineral;TRAVAIL_SOL;0.65;0.0;;;;;;;;;;;;;;;;;;;;;;
2019;297;oceanique_18_1;mineral_oceanique_18;maisT;mais_tousSols_nonirr_mineral;SEMIS;0.61;0.0;;;;;;;;;;;;;;;;;;;;;;
2019;277;oceanique_18_1;mineral_oceanique_18;maisT;mais_tousSols_nonirr_mineral;TRAVAIL_SOL;0.28;0.0;;;;;;;;;;;;;;;;;;;;;;
2019;307;oceanique_19_1;organique_oceanique_19;orgeh;orgeH_tousSols_nonirr_organique;SEMIS;0.71;6.0;;;;;;;;;;;;;;;;;;;;;;
2019;287;oceanique_19_1;organique_oceanique_19;orgeh;orgeH_tousSols_nonirr_organique;TRAVAIL_SOL;0.42;0.0;;;;;;;;;;;;;;;;;;;;;;
2019;274;oceanique_20_1;organique_oceanique_20;maisT;mais_tousSols_nonirr_organique;SEMIS;0.57;0.0;;;;;;;;;;;;;;;;;;;;;;
2019;305;oceanique_21_1;organique_oceanique_21;maisT;mais_tousSols_nonirr_organique;SEMIS;1.0;0.0;;;;;;;;;;;;;;;;;;;;;;
2019;300;oceanique_22_1;mineral_oceanique_22;maisT;mais_tousSols_nonirr_mineral;SEMIS;0.87;0.0;;;;;;;;;;;;;;;;;;;;;;
2019;269;oceanique_23_1;mineral_oceanique_23;orgeh;orgeH_tousSols_nonirr_mineral;SEMIS;0.88;6.0;;;;;;;;;;;;;;;;;;;;;;
2019;273;oceanique_24_1;mineral_oceanique_24;maisT;mais_tousSols_nonirr_mineral;SEMIS;0.92;0.0;;;;;;;;;;;;;;;;;;;;;;
2019;267;oceanique_24_1;mineral_oceanique_24;maisT;mais_tousSols_nonirr_mineral;TRAVAIL_SOL;0.41;0.0;;;;;;;;;;;;;;;;;;;;;;
2019;300;sudouest_25_1;organique_sudouest_25;CP;ble_tousSols_nonirr_organique;SEMIS;1.01;3.0;;;;;;;;;;;;;;;;;;;;;;
2019;304;sudouest_26_1;organique_sudouest_26;orgeh;orgeH_tousSols_nonirr_organique;SEMIS;0.98;6.0;;;;;;;;;;;;;;;;;;;;;;
2019;261;sudouest_27_1;mineral_sudouest_27;CP;ble_tousSols_nonirr_mineral;SEMIS;1.56;0.0;;;;;;;;;;;;;;;;;;;;;;
2019;312;sudouest_28_1;mineral_sudouest_28;orgeh;orgeH_tousSols_nonirr_mineral;SEMIS;0.57;6.0;;;;;;;;;;;;;;;;;;;;;;
2019;309;sudouest_29_1;organique_sudouest_29;CP;ble_tousSols_irr_organique;SEMIS;1.52;3.0;;;;;;;;;;;;;;;;;;;;;;
2019;293;sudouest_29_1;organique_sudouest_29;CP;ble_tousSols_irr_organique;TRAVAIL_SOL;1.52;25.0;;;;;;;;;;;;;;;;;;;;;;
2019;288;sudouest_30_1;organique_sudouest_30;orgeh;orgeH_tousSols_irr_organique;SEMIS;1.25;6.0;;;;;;;;;;;;;;;;;;;;;;
2019;270;sudouest_30_1;organique_sudouest_30;orgeh;orgeH_tousSols_irr_organique;TRAVAIL_SOL;0.73;0.0;;;;;;;;;;;;;;;;;;;;;;
2019;304;sudouest_31_1;mineral_sudouest_31;CP;ble_tousSols_irr_mineral;SEMIS;1.36;3.0;;;;;;;;;;;;;;;;;;;;;;
2019;266;sudouest_32_1;mineral_sudouest_32;orgeh;orgeH_tousSols_irr_mineral;SEMIS;0.71;6.0;;;;;;;;;;;;;;;;;;;;;;
2019;253;sudouest_32_1;mineral_sudouest_32;orgeh;orgeH_tousSols_irr_mineral;TRAVAIL_SOL;0.41;5.0;;;;;;;;;;;;;;;;;;;;;;
2019;297;sudouest_33_1;organique_sudouest_33;CP;ble_tousSols_nonirr_organique;SEMIS;1.3;3.0;;;;;;;;;;;;;;;;;;;;;;
2019;284;sudouest_33_1;organique_sudouest_33;CP;ble_tousSols_nonirr_organique;TRAVAIL_SOL;1.3;0.0;;;;;;;;;;;;;;;;;;;;;;
2019;267;sudouest_34_1;organique_sudouest_34;orgeh;orgeH_tousSols_nonirr_organique;SEMIS;0.85;6.0;;;;;;;;;;;;;;;;;;;;;;
2019;290;sudouest_35_1;mineral_sudouest_35;CP;ble_tousSols_nonirr_mineral;SEMIS;0.72;0.0;;;;;;;;;;;;;;;;;;;;;;
2019;290;sudouest_36_1;mineral_sudouest_36;orgeh;orgeH_tousSols_nonirr_mineral;SEMIS;1.13;6.0;;;;;;;;;;;;;;;;;;;;;;
2019;274;sudouest_36_1;mineral_sudouest_36;orgeh;orgeH_tousSols_nonirr_mineral;TRAVAIL_SOL;0.66;0.0;;;;;;;;;;;;;;;;;;;;;;
2019;278;sudouest_37_1;organique_sudouest_37;CP;ble_tousSols_irr_organique;SEMIS;1.26;0.0;;;;;;;;;;;;;;;;;;;;;;
2019;315;sudouest_38_1;organique_sudouest_38;orgeh;orgeH_tousSols_irr_organique;SEMIS;1.11;6.0;;;;;;;;;;;;;;;;;;;;;;
2019;283;sudouest_39_1;mineral_sudouest_39;CP;ble_tousSols_irr_mineral;SEMIS;1.64;0.0;;;;;;;;;;;;;;;;;;;;;;
2019;302;sudouest_40_1;mineral_sudouest_40;orgeh;orgeH_tousSols_irr_mineral;SEMIS;0.63;6.0;;;;;;;;;;;;;;;;;;;;;;
2019;285;sudouest_40_1;mineral_sudouest_40;orgeh;orgeH_tousSols_irr_mineral;TRAVAIL_SOL;0.37;0.0;;;;;;;;;;;;;;;;;;;;;;
2019;308;sudouest_41_1;organique_sudouest_41;CP;ble_tousSols_nonirr_organique;SEMIS;0.96;3.0;;;;;;;;;;;;;;;;;;;;;;
2019;320;sudouest_42_1;organique_sudouest_42;orgeh;orgeH_tousSols_nonirr_organique;SEMIS;1.25;6.0;;;;;;;;;;;;;;;;;;;;;;
2019;268;sudouest_43_1;mineral_sudouest_43;CP;ble_tousSols_nonirr_mineral;SEMIS;1.38;0.0;;;;;;;;;;;;;;;;;;;;;;
2019;264;sudouest_43_1;mineral_sudouest_43;CP;ble_tousSols_nonirr_mineral;TRAVAIL_SOL;0.0;0.0;;;;;;;;;;;;;;;;;;;;;;
2019;303;sudouest_44_1;mineral_sudouest_44;orgeh;orgeH_tousSols_nonirr_mineral;SEMIS;1.13;6.0;;;;;;;;;;;;;;;;;;;;;;
2019;285;sudouest_44_1;mineral_sudouest_44;orgeh;orgeH_tousSols_nonirr_mineral;TRAVAIL_SOL;1.22;24.0;;;;;;;;;;;;;;;;;;;;;;
2019;261;sudouest_45_1;organique_sudouest_45;CP;ble_tousSols_irr_organique;SEMIS;0.74;0.0;;;;;;;;;;;;;;;;;;;;;;
2019;276;sudouest_46_1;organique_sudouest_46;orgeh;orgeH_tousSols_irr_organique;SEMIS;0.89;6.0;;;;;;;;;;;;;;;;;;;;;;
2019;263;sudouest_46_1;organique_sudouest_46;orgeh;orgeH_tousSols_irr_organique;TRAVAIL_SOL;0.96;15.0;;;;;;;;;;;;;;;;;;;;;;
2019;293;sudouest_47_1;mineral_sudouest_47;CP;ble_tousSols_irr_mineral;SEMIS;1.52;3.0;;;;;;;;;;;;;;;;;;;;;;
2019;312;sudouest_48_1;mineral_sudouest_48;orgeh;orgeH_tousSols_irr_mineral;SEMIS;1.19;6.0;;;;;;;;;;;;;;;;;;;;;;
2019;286;sudouest_48_1;mineral_sudouest_48;orgeh;orgeH_tousSols_irr_mineral;TRAVAIL_SOL;0.69;0.0;;;;;;;;;;;;;;;;;;;;;;
2019;275;copie_sudouest_1_1;mineral_pp_lolium;loliumPerenne;loliumPerenne_TousSols_min;SEMIS;0.71;0.0;;;;;;;;;;;;;;;;;;;;;;
2019;282;copie_sudouest_2_1;mineral_sudouest_2;maisT;mais_tousSols_nonirr_mineral;SEMIS;0.83;0.0;;;;;;;;;;;;;;;;;;;;;;
2019;302;copie_beauce_8_1;mineral_pp_lolium_irr;loliumPerenne;loliumPerenne_TousSols_irr_min;SEMIS;0.52;0.0;;;;;;;;;;;;;;;;;;;;;;
2019;286;copie_oceanique_1_1;organique_oceanique_1;CP;ble_tousSols_nonirr_organique;SEMIS;1.0;0.0;;;;;;;;;;;;;;;;;;;;;;
2019;272;copie_oceanique_5_1;organique_oceanique_5;CP;ble_tousSols_nonirr_organique;SEMIS;1.15;0.0;;;;;;;;;;;;;;;;;;;;;;
2019;247;copie_oceanique_5_1;organique_oceanique_5;CP;ble_tousSols_nonirr_organique;TRAVAIL_SOL;0.0;0.0;;;;;;;;;;;;;;;;;;;;;;
2019;265;copie_sudouest_18_1;mineral_sudouest_18;maisT;mais_tousSols_nonirr_mineral;SEMIS;0.53;0.0;;;;;;;;;;;;;;;;;;;;;;
2019;251;copie_sudouest_18_1;mineral_sudouest_18;maisT;mais_tousSols_nonirr_mineral;TRAVAIL_SOL;1.06;0.0;;;;;;;;;;;;;;;;;;;;;;
2019;279;copie_sudouest_22_1;mineral_sudouest_22;maisT;mais_tousSols_nonirr_mineral;SEMIS;0.77;0.0;;;;;;;;;;;;;;;;;;;;;;
2019;264;copie_sudouest_22_1;mineral_sudouest_22;maisT;mais_tousSols_nonirr_mineral;TRAVAIL_SOL;0.35;0.0;;;;;;;;;;;;;;;;;;;;;;
2019;289;copie_beauce_10_1;mineral_beauce_10;orgeh;orgeH_tousSols_nonirr_mineral;SEMIS;0.68;6.0;;;;;;;;;;;;;;;;;;;;;;
2019;279;copie_beauce_44_1;organique_beauce_44;maisT;mais_tousSols_irr_organique;SEMIS;0.93;4.0;;;;;;;;;;;;;;;;;;;;;;
2019;251;copie_beauce_44_1;organique_beauce_44;maisT;mais_tousSols_irr_organique;TRAVAIL_SOL;0.42;0.0;;;;;;;;;;;;;;;;;;;;;;
2019;271;copie_oceanique_14_1;organique_oceanique_14;maisT;mais_tousSols_nonirr_organique;SEMIS;0.75;0.0;;;;;;;;;;;;;;;;;;;;;;
2019;267;copie_oceanique_14_1;organique_oceanique_14;maisT;mais_tousSols_nonirr_organique;TRAVAIL_SOL;0.34;0.0;;;;;;;;;;;;;;;;;;;;;;
2020;313;sudouest_1_1;organique_sudouest_1;maisT;mais_tousSols_nonirr_organique;RECOLTE;0.48;0.0;6.02;;;;;;;;;;;;;0.0;4.36;3.78;;;;;;
2020;181;sudouest_1_1;organique_sudouest_1;maisT;mais_tousSols_nonirr_organique;FERTI;0.0;;;;;;;;;;;;;;;;;;;;;;;
2020;222;sudouest_1_1;organique_sudouest_1;maisT;mais_tousSols_nonirr_organique;FERTI;0.0;;;;;;;;;;;;;;;;;;;;;;;
2020;199;beauce_1_1;organique_beauce_1;orgeh;orgeH_tousSols_nonirr_organique;RECOLTE;0.72;0.0;4.46;;;;;;;;;;;;;0.0;3.64;1.91;;;;;;
2020;45;beauce_1_1;organique_beauce_1;orgeh;orgeH_tousSols_nonirr_organique;FERTI;0.0;;;;;;;;;;;;;;;;;;;;;;;
2020;100;beauce_1_1;organique_beauce_1;orgeh;orgeH_tousSols_nonirr_organique;FERTI;0.0;;;;;;;;;;;;;;;;;;;;;;;
2020;134;beauce_1_1;organique_beauce_1;orgeh;orgeH_tousSols_nonirr_organique;FERTI;0.0;;;;;;;;;;;;;;;;;;;;;;;
2020;125;sudouest_2_1;mineral_sudouest_2;maisT;mais_tousSols_nonirr_mineral;RECOLTE;0.71;0.0;4.0;;;;;;;;;;;;;0.0;2.9;3.78;;;;;;
2020;66;sudouest_2_1;mineral_sudouest_2;maisT;mais_tousSols_nonirr_mineral;FERTI;0.0;;;;;;;;;;;;;;;;;;;;;;;
2020;124;sudouest_2_1;mineral_sudouest_2;maisT;mais_tousSols_nonirr_mineral;FERTI;0.0;;;;;;;;;;;;;;;;;;;;;;;
2020;253;sudouest_3_1;organique_sudouest_3;maisT;mais_tousSols_irr_organique;RECOLTE;0.44;0.0;7.38;;;;;;;;;;;;;0.0;5.34;3.78;;;;;;
2020;142;sudouest_3_1;organique_sudouest_3;maisT;mais_tousSols_irr_organique;FERTI;0.0;;;;;;;;;;;;;;;;;;;;;;;
2020;177;sudouest_3_1;organique_sudouest_3;maisT;mais_tousSols_irr_organique;FERTI;0.0;;;;;;;;;;;;;;;;;;;;;;;
2020;225;sudouest_4_1;mineral_sudouest_4;maisT;mais_tousSols_irr_mineral;RECOLTE;0.57;0.0;6.91;;;;;;;;;;;;;0.0;5.01;3.78;;;;;;
2020;133;sudouest_4_1;mineral_sudouest_4;maisT;mais_tousSols_irr_mineral;FERTI;0.0;;;;;;;;;;;;;;;;;;;;;;;
2020;144;sudouest_4_1;mineral_sudouest_4;maisT;mais_tousSols_irr_mineral;FERTI;0.0;;;;;;;;;;;;;;;;;;;;;;;
2020;225;sudouest_5_1;organique_sudouest_5;maisT;mais_tousSols_nonirr_organique;RECOLTE;0.63;0.0;7.12;;;;;;;;;;;;;0.0;5.16;3.78;;;;;;
2020;60;sudouest_5_1;organique_sudouest_5;maisT;mais_tousSols_nonirr_organique;FERTI;0.0;;;;;;;;;;;;;;;;;;;;;;;
2020;113;sudouest_5_1;organique_sudouest_5;maisT;mais_tousSols_nonirr_organique;FERTI;0.0;;;;;;;;;;;;;;;;;;;;;;;
2020;106;beauce_2_1;mineral_beauce_2;orgeh;orgeH_tousSols_nonirr_mineral;RECOLTE;0.73;0.0;4.07;;;;;;;;;;;;;0.0;3.32;1.91;;;;;;
2020;265;sudouest_6_1;mineral_sudouest_6;maisT;mais_tousSols_nonirr_mineral;RECOLTE;0.53;0.0;7.16;;;;;;;;;;;;;0.0;5.18;3.78;;;;;;
2020;157;sudouest_6_1;mineral_sudouest_6;maisT;mais_tousSols_nonirr_mineral;FERTI;0.0;;;;;;;;;;;;;;;;;;;;;;;
2020;167;sudouest_6_1;mineral_sudouest_6;maisT;mais_tousSols_nonirr_mineral;FERTI;0.0;;;;;;;;;;;;;;;;;;;;;;;
2020;224;sudouest_6_1;mineral_sudouest_6;maisT;mais_tousSols_nonirr_mineral;FERTI;0.0;;;;;;;;;;;;;;;;;;;;;;;
2020;205;sudouest_7_1;organique_sudouest_7;maisT;mais_tousSols_irr_organique;RECOLTE;0.49;0.0;5.74;;;;;;;;;;;;;0.0;4.15;3.78;;;;;;
2020;63;sudouest_7_1;organique_sudouest_7;maisT;mais_tousSols_irr_organique;FERTI;0.0;;;;;;;;;;;;;;;;;;;;;;;
2020;183;sudouest_8_1;mineral_sudouest_8;maisT;mais_tousSols_irr_mineral;FERTI;0.0;;;;;;;;;;;;;;;;;;;;;;;
2020;238;sudouest_8_1;mineral_sudouest_8;maisT;mais_tousSols_irr_mineral;FERTI;0.0;;;;;;;;;;;;;;;;;;;;;;;
2020;261;sudouest_8_1;mineral_sudouest_8;maisT;mais_tousSols_irr_mineral;FERTI;0.0;;;;;;;;;;;;;;;;;;;;;;;
2020;168;sudouest_9_1;organique_sudouest_9;maisT;mais_tousSols_nonirr_organique;RECOLTE;0.48;0.0;4.92;;;;;;;;;;;;;0.0;3.56;3.78;;;;;;
2020;124;sudouest_9_1;organique_sudouest_9;maisT;mais_tousSols_nonirr_organique;FERTI;0.0;;;;;;;;;;;;;;;;;;;;;;;
2020;131;sudouest_9_1;organique_sudouest_9;maisT;mais_tousSols_nonirr_organique;FERTI;0.0;;;;;;;;;;;;;;;;;;;;;;;
2020;145;sudouest_9_1;organique_sudouest_9;maisT;mais_tousSols_nonirr_organique;FERTI;0.0;;;;;;;;;;;;;;;;;;;;;;;
2020;276;beauce_3_1;organique_beauce_3;orgeh;orgeH_tousSols_irr_organique;RECOLTE;0.62;0.0;5.33;;;;;;;;;;;;;0.0;4.35;1.91;;;;;;
2020;126;beauce_3_1;organique_beauce_3;orgeh;orgeH_tousSols_irr_organique;FERTI;0.0;;;;;;;;;;;;;;;;;;;;;;;
2020;116;beauce_4_1;mineral_beauce_4;orgeh;orgeH_tousSols_irr_mineral;RECOLTE;0.81;0.0;4.09;;;;;;;;;;;;;0.0;3.34;1.91;;;;;;
2020;108;beauce_5_1;organique_beauce_5;orgeh;orgeH_tousSols_nonirr_organique;RECOLTE;0.67;0.0;4.11;;;;;;;;;;;;;0.0;3.36;1.91;;;;;;
2020;290;beauce_6_1;mineral_beauce_6;orgeh;orgeH_tousSols_nonirr_mineral;RECOLTE;0.76;0.0;5.23;;;;;;;;;;;;;0.0;4.27;1.91;;;;;;
2020;110;beauce_6_1;mineral_beauce_6;orgeh;orgeH_tousSols_nonirr_mineral;FERTI;0.0;;;;;;;;;;;;;;;;;;;;;;;
2020;114;beauce_6_1;mineral_beauce_6;orgeh;orgeH_tousSols_nonirr_mineral;FERTI;0.0;;;;;;;;;;;;;;;;;;;;;;;
2020;147;beauce_6_1;mineral_beauce_6;orgeh;orgeH_tousSols_nonirr_mineral;FERTI;0.0;;;;;;;;;;;;;;;;;;;;;;;
2020;103;beauce_7_1;organique_beauce_7;orgeh;orgeH_tousSols_irr_organique;RECOLTE;0.59;0.0;4.09;;;;;;;;;;;;;0.0;3.34;1.91;;;;;;
2020;350;beauce_8_1;mineral_beauce_8;orgeh;orgeH_tousSols_irr_mineral;RECOLTE;0.4;0.0;4.31;;;;;;;;;;;;;0.0;3.52;1.91;;;;;;
2020;99;beauce_8_1;mineral_beauce_8;orgeh;orgeH_tousSols_irr_mineral;FERTI;0.0;;;;;;;;;;;;;;;;;;;;;;;
2020;150;beauce_8_1;mineral_beauce_8;orgeh;orgeH_tousSols_irr_mineral;FERTI;0.0;;;;;;;;;;;;;;;;;;;;;;;
2020;222;sudouest_10_1;mineral_sudouest_10;maisT;mais_tousSols_nonirr_mineral;RECOLTE;0.31;0.0;6.05;;;;;;;;;;;;;0.0;4.38;3.78;;;;;;
2020;72;sudouest_10_1;mineral_sudouest_10;maisT;mais_tousSols_nonirr_mineral;FERTI;0.0;;;;;;;;;;;;;;;;;;;;;;;
2020;123;sudouest_11_1;organique_sudouest_11;maisT;mais_tousSols_irr_organique;RECOLTE;0.38;0.0;2.99;;;;;;;;;;;;;0.0;2.16;3.78;;;;;;
2020;129;oceanique_1_1;organique_oceanique_1;CP;ble_tousSols_nonirr_organique;RECOLTE;0.77;0.0;3.44;;;;;;;;;;;;;0.0;3.04;3.0;;;;;;
2020;48;oceanique_1_1;organique_oceanique_1;CP;ble_tousSols_nonirr_organique;FERTI;0.0;;;;;;;;;;;;;;;;;;;;;;;
2020;84;oceanique_1_1;organique_oceanique_1;CP;ble_tousSols_nonirr_organique;FERTI;0.0;;;;;;;;;;;;;;;;;;;;;;;
2020;91;oceanique_1_1;organique_oceanique_1;CP;ble_tousSols_nonirr_organique;FERTI;0.0;;;;;;;;;;;;;;;;;;;;;;;
2020;257;oceanique_2_1;mineral_oceanique_2;CP;ble_tousSols_nonirr_mineral;RECOLTE;0.7;0.0;3.52;;;;;;;;;;;;;0.0;3.12;3.0;;;;;;
2020;183;oceanique_2_1;mineral_oceanique_2;CP;ble_tousSols_nonirr_mineral;FERTI;0.0;;;;;;;;;;;;;;;;;;;;;;;
2020;138;sudouest_12_1;mineral_sudouest_12;maisT;mais_tousSols_irr_mineral;RECOLTE;0.53;0.0;2.69;;;;;;;;;;;;;0.0;1.95;3.78;;;;;;
2020;232;sudouest_13_1;organique_sudouest_13;maisT;mais_tousSols_nonirr_organique;RECOLTE;0.43;0.0;6.22;;;;;;;;;;;;;0.0;4.51;3.78;;;;;;
2020;54;sudouest_13_1;organique_sudouest_13;maisT;mais_tousSols_nonirr_organique;FERTI;0.0;;;;;;;;;;;;;;;;;;;;;;;
2020;90;sudouest_13_1;organique_sudouest_13;maisT;mais_tousSols_nonirr_organique;FERTI;0.0;;;;;;;;;;;;;;;;;;;;;;;
2020;259;sudouest_14_1;mineral_sudouest_14;maisT;mais_tousSols_nonirr_mineral;RECOLTE;0.36;0.0;6.48;;;;;;;;;;;;;0.0;4.69;3.78;;;;;;
2020;105;sudouest_14_1;mineral_sudouest_14;maisT;mais_tousSols_nonirr_mineral;FERTI;0.0;;;;;;;;;;;;;;;;;;;;;;;
2020;123;sudouest_14_1;mineral_sudouest_14;maisT;mais_tousSols_nonirr_mineral;FERTI;0.0;;;;;;;;;;;;;;;;;;;;;;;
2020;173;sudouest_14_1;mineral_sudouest_14;maisT;mais_tousSols_nonirr_mineral;FERTI;0.0;;;;;;;;;;;;;;;;;;;;;;;
2020;355;sudouest_15_1;organique_sudouest_15;maisT;mais_tousSols_irr_organique;RECOLTE;0.53;0.0;7.22;;;;;;;;;;;;;0.0;5.23;3.78;;;;;;
2020;137;sudouest_15_1;organique_sudouest_15;maisT;mais_tousSols_irr_organique;FERTI;0.0;;;;;;;;;;;;;;;;;;;;;;;
2020;169;sudouest_15_1;organique_sudouest_15;maisT;mais_tousSols_irr_organique;FERTI;0.0;;;;;;;;;;;;;;;;;;;;;;;
2020;173;sudouest_16_1;mineral_sudouest_16;maisT;mais_tousSols_irr_mineral;RECOLTE;0.67;0.0;6.52;;;;;;;;;;;;;0.0;4.72;3.78;;;;;;
2020;42;sudouest_16_1;mineral_sudouest_16;maisT;mais_tousSols_irr_mineral;FERTI;0.0;;;;;;;;;;;;;;;;;;;;;;;
2020;94;sudouest_16_1;mineral_sudouest_16;maisT;mais_tousSols_irr_mineral;FERTI;0.0;;;;;;;;;;;;;;;;;;;;;;;
2020;101;oceanique_3_1;organique_oceanique_3;CP;ble_tousSols_nonirr_organique;RECOLTE;0.74;0.0;3.18;;;;;;;;;;;;;0.0;2.82;3.0;;;;;;
2020;145;oceanique_4_1;mineral_oceanique_4;CP;ble_tousSols_nonirr_mineral;RECOLTE;0.4;0.0;2.74;;;;;;;;;;;;;0.0;2.43;3.0;;;;;;
2020;125;sudouest_17_1;organique_sudouest_17;maisT;mais_tousSols_nonirr_organique;RECOLTE;0.45;0.0;3.51;;;;;;;;;;;;;0.0;2.54;3.78;;;;;;
2020;143;beauce_9_1;organique_beauce_9;orgeh;orgeH_tousSols_nonirr_organique;RECOLTE;0.31;0.0;3.74;;;;;;;;;;;;;0.0;3.05;1.91;;;;;;
2020;109;oceanique_5_1;organique_oceanique_5;CP;ble_tousSols_nonirr_organique;RECOLTE;0.88;0.0;3.43;;;;;;;;;;;;;0.0;3.03;3.0;;;;;;
2020;214;sudouest_18_1;mineral_sudouest_18;maisT;mais_tousSols_nonirr_mineral;RECOLTE;0.45;0.0;6.74;;;;;;;;;;;;;0.0;4.88;3.78;;;;;;
2020;64;sudouest_18_1;mineral_sudouest_18;maisT;mais_tousSols_nonirr_mineral;FERTI;0.0;;;;;;;;;;;;;;;;;;;;;;;
2020;213;sudouest_19_1;organique_sudouest_19;maisT;mais_tousSols_irr_organique;RECOLTE;0.51;0.0;6.51;;;;;;;;;;;;;0.0;4.72;3.78;;;;;;
2020;37;sudouest_19_1;organique_sudouest_19;maisT;mais_tousSols_irr_organique;FERTI;0.0;;;;;;;;;;;;;;;;;;;;;;;
2020;65;sudouest_19_1;organique_sudouest_19;maisT;mais_tousSols_irr_organique;FERTI;0.0;;;;;;;;;;;;;;;;;;;;;;;
2020;77;sudouest_19_1;organique_sudouest_19;maisT;mais_tousSols_irr_organique;FERTI;0.0;;;;;;;;;;;;;;;;;;;;;;;
2020;304;sudouest_20_1;mineral_sudouest_20;maisT;mais_tousSols_irr_mineral;RECOLTE;0.36;0.0;6.01;;;;;;;;;;;;;0.0;4.35;3.78;;;;;;
2020;172;sudouest_20_1;mineral_sudouest_20;maisT;mais_tousSols_irr_mineral;FERTI;0.0;;;;;;;;;;;;;;;;;;;;;;;
2020;205;sudouest_20_1;mineral_sudouest_20;maisT;mais_tousSols_irr_mineral;FERTI;0.0;;;;;;;;;;;;;;;;;;;;;;;
2020;261;sudouest_20_1;mineral_sudouest_20;maisT;mais_tousSols_irr_mineral;FERTI;0.0;;;;;;;;;;;;;;;;;;;;;;;
2020;256;sudouest_21_1;organique_sudouest_21;maisT;mais_tousSols_nonirr_organique;RECOLTE;0.43;0.0;6.48;;;;;;;;;;;;;0.0;4.69;3.78;;;;;;
2020;147;sudouest_21_1;organique_sudouest_21;maisT;mais_tousSols_nonirr_organique;FERTI;0.0;;;;;;;;;;;;;;;;;;;;;;;
2020;197;sudouest_21_1;organique_sudouest_21;maisT;mais_tousSols_nonirr_organique;FERTI;0.0;;;;;;;;;;;;;;;;;;;;;;;
2020;249;sudouest_21_1;organique_sudouest_21;maisT;mais_tousSols_nonirr_organique;FERTI;0.0;;;;;;;;;;;;;;;;;;;;;;;
2020;95;sudouest_22_1;mineral_sudouest_22;maisT;mais_tousSols_nonirr_mineral;FERTI;0.0;;;;;;;;;;;;;;;;;;;;;;;
2020;153;sudouest_22_1;mineral_sudouest_22;maisT;mais_tousSols_nonirr_mineral;FERTI;0.0;;;;;;;;;;;;;;;;;;;;;;;
2020;172;sudouest_22_1;mineral_sudouest_22;maisT;mais_tousSols_nonirr_mineral;FERTI;0.0;;;;;;;;;;;;;;;;;;;;;;;
2020;200;sudouest_23_1;organique_sudouest_23;maisT;mais_tousSols_irr_organique;RECOLTE;0.71;0.0;5.16;;;;;;;;;;;;;0.0;3.74;3.78;;;;;;
2020;71;sudouest_23_1;organique_sudouest_23;maisT;mais_tousSols_irr_organique;FERTI;0.0;;;;;;;;;;;;;;;;;;;;;;;
2020;152;oceanique_6_1;mineral_oceanique_6;CP;ble_tousSols_nonirr_mineral;RECOLTE;0.87;0.0;2.6;;;;;;;;;;;;;0.0;2.3;3.0;;;;;;
2020;157;beauce_10_1;mineral_beauce_10;orgeh;orgeH_tousSols_nonirr_mineral;RECOLTE;0.53;0.0;5.04;;;;;;;;;;;;;0.0;4.11;1.91;;;;;;
2020;84;beauce_10_1;mineral_beauce_10;orgeh;orgeH_tousSols_nonirr_mineral;FERTI;0.0;;;;;;;;;;;;;;;;;;;;;;;
2020;143;beauce_10_1;mineral_beauce_10;orgeh;orgeH_tousSols_nonirr_mineral;FERTI;0.0;;;;;;;;;;;;;;;;;;;;;;;
2020;118;beauce_11_1;organique_beauce_11;orgeh;orgeH_tousSols_irr_organique;RECOLTE;0.45;0.0;3.65;;;;;;;;;;;;;0.0;2.98;1.91;;;;;;
2020;135;beauce_12_1;mineral_beauce_12;orgeh;orgeH_tousSols_irr_mineral;RECOLTE;0.56;0.0;3.53;;;;;;;;;;;;;0.0;2.88;1.91;;;;;;
2020;82;beauce_12_1;mineral_beauce_12;orgeh;orgeH_tousSols_irr_mineral;FERTI;0.0;;;;;;;;;;;;;;;;;;;;;;;
2020;105;sudouest_24_1;mineral_sudouest_24;maisT;mais_tousSols_irr_mineral;RECOLTE;0.4;0.0;3.31;;;;;;;;;;;;;0.0;2.39;3.78;;;;;;
2020;162;beauce_13_1;organique_beauce_13;CP;ble_tousSols_nonirr_organique;RECOLTE;1.26;0.0;3.26;;;;;;;;;;;;;0.0;2.89;3.0;;;;;;
2020;77;beauce_13_1;organique_beauce_13;CP;ble_tousSols_nonirr_organique;FERTI;0.0;;;;;;;;;;;;;;;;;;;;;;;
2020;231;beauce_14_1;organique_beauce_14;maisT;mais_tousSols_nonirr_organique;RECOLTE;0.46;0.0;5.36;;;;;;;;;;;;;0.0;3.88;3.78;;;;;;
2020;142;beauce_14_1;organique_beauce_14;maisT;mais_tousSols_nonirr_organique;FERTI;0.0;;;;;;;;;;;;;;;;;;;;;;;
2020;143;beauce_15_1;organique_beauce_15;maisT;mais_tousSols_nonirr_organique;RECOLTE;0.58;0.0;2.51;;;;;;;;;;;;;0.0;1.82;3.78;;;;;;
2020;34;beauce_15_1;organique_beauce_15;maisT;mais_tousSols_nonirr_organique;FERTI;0.0;;;;;;;;;;;;;;;;;;;;;;;
2020;65;beauce_15_1;organique_beauce_15;maisT;mais_tousSols_nonirr_organique;FERTI;0.0;;;;;;;;;;;;;;;;;;;;;;;
2020;107;beauce_15_1;organique_beauce_15;maisT;mais_tousSols_nonirr_organique;FERTI;0.0;;;;;;;;;;;;;;;;;;;;;;;
2020;252;beauce_16_1;mineral_beauce_16;maisT;mais_tousSols_nonirr_mineral;RECOLTE;0.87;0.0;6.06;;;;;;;;;;;;;0.0;4.39;3.78;;;;;;
2020;105;beauce_16_1;mineral_beauce_16;maisT;mais_tousSols_nonirr_mineral;FERTI;0.0;;;;;;;;;;;;;;;;;;;;;;;
2020;146;beauce_16_1;mineral_beauce_16;maisT;mais_tousSols_nonirr_mineral;FERTI;0.0;;;;;;;;;;;;;;;;;;;;;;;
2020;150;beauce_16_1;mineral_beauce_16;maisT;mais_tousSols_nonirr_mineral;FERTI;0.0;;;;;;;;;;;;;;;;;;;;;;;
2020;295;beauce_17_1;mineral_beauce_17;CP;ble_tousSols_nonirr_mineral;RECOLTE;0.84;0.0;4.53;;;;;;;;;;;;;0.0;4.0;3.0;;;;;;
2020;87;beauce_17_1;mineral_beauce_17;CP;ble_tousSols_nonirr_mineral;FERTI;0.0;;;;;;;;;;;;;;;;;;;;;;;
2020;120;beauce_17_1;mineral_beauce_17;CP;ble_tousSols_nonirr_mineral;FERTI;0.0;;;;;;;;;;;;;;;;;;;;;;;
2020;126;beauce_17_1;mineral_beauce_17;CP;ble_tousSols_nonirr_mineral;FERTI;0.0;;;;;;;;;;;;;;;;;;;;;;;
2020;326;beauce_18_1;mineral_beauce_18;maisT;mais_tousSols_nonirr_mineral;RECOLTE;0.79;0.0;6.63;;;;;;;;;;;;;0.0;4.8;3.78;;;;;;
2020;89;beauce_18_1;mineral_beauce_18;maisT;mais_tousSols_nonirr_mineral;FERTI;0.0;;;;;;;;;;;;;;;;;;;;;;;
2020;141;beauce_18_1;mineral_beauce_18;maisT;mais_tousSols_nonirr_mineral;FERTI;0.0;;;;;;;;;;;;;;;;;;;;;;;
2020;232;beauce_19_1;organique_beauce_19;CP;ble_tousSols_irr_organique;RECOLTE;1.49;0.0;5.04;;;;;;;;;;;;;0.0;4.46;3.0;;;;;;
2020;112;beauce_19_1;organique_beauce_19;CP;ble_tousSols_irr_organique;FERTI;0.0;;;;;;;;;;;;;;;;;;;;;;;
2020;126;beauce_19_1;organique_beauce_19;CP;ble_tousSols_irr_organique;FERTI;0.0;;;;;;;;;;;;;;;;;;;;;;;
2020;295;beauce_20_1;organique_beauce_20;maisT;mais_tousSols_irr_organique;RECOLTE;0.52;0.0;7.69;;;;;;;;;;;;;0.0;5.57;3.78;;;;;;
2020;43;beauce_20_1;organique_beauce_20;maisT;mais_tousSols_irr_organique;FERTI;0.0;;;;;;;;;;;;;;;;;;;;;;;
2020;85;beauce_20_1;organique_beauce_20;maisT;mais_tousSols_irr_organique;FERTI;0.0;;;;;;;;;;;;;;;;;;;;;;;
2020;96;beauce_20_1;organique_beauce_20;maisT;mais_tousSols_irr_organique;FERTI;0.0;;;;;;;;;;;;;;;;;;;;;;;
2020;123;beauce_21_1;organique_beauce_21;maisT;mais_tousSols_irr_organique;RECOLTE;0.38;0.0;2.12;;;;;;;;;;;;;0.0;1.53;3.78;;;;;;
2020;29;beauce_21_1;organique_beauce_21;maisT;mais_tousSols_irr_organique;FERTI;0.0;;;;;;;;;;;;;;;;;;;;;;;
2020;75;beauce_21_1;organique_beauce_21;maisT;mais_tousSols_irr_organique;FERTI;0.0;;;;;;;;;;;;;;;;;;;;;;;
2020;85;beauce_21_1;organique_beauce_21;maisT;mais_tousSols_irr_organique;FERTI;0.0;;;;;;;;;;;;;;;;;;;;;;;
2020;232;beauce_22_1;mineral_beauce_22;maisT;mais_tousSols_irr_mineral;RECOLTE;0.34;0.0;6.76;;;;;;;;;;;;;0.0;4.9;3.78;;;;;;
2020;111;beauce_22_1;mineral_beauce_22;maisT;mais_tousSols_irr_mineral;FERTI;0.0;;;;;;;;;;;;;;;;;;;;;;;
2020;131;beauce_22_1;mineral_beauce_22;maisT;mais_tousSols_irr_mineral;FERTI;0.0;;;;;;;;;;;;;;;;;;;;;;;
2020;175;beauce_22_1;mineral_beauce_22;maisT;mais_tousSols_irr_mineral;FERTI;0.0;;;;;;;;;;;;;;;;;;;;;;;
2020;334;beauce_23_1;mineral_beauce_23;CP;ble_tousSols_irr_mineral;RECOLTE;0.68;0.0;5.03;;;;;;;;;;;;;0.0;4.45;3.0;;;;;;
2020;156;beauce_23_1;mineral_beauce_23;CP;ble_tousSols_irr_mineral;FERTI;0.0;;;;;;;;;;;;;;;;;;;;;;;
2020;190;beauce_23_1;mineral_beauce_23;CP;ble_tousSols_irr_mineral;FERTI;0.0;;;;;;;;;;;;;;;;;;;;;;;
2020;154;beauce_24_1;mineral_beauce_24;maisT;mais_tousSols_irr_mineral;RECOLTE;0.88;0.0;3.46;;;;;;;;;;;;;0.0;2.51;3.78;;;;;;
2020;97;beauce_25_1;organique_beauce_25;CP;ble_tousSols_nonirr_organique;RECOLTE;1.21;0.0;3.83;;;;;;;;;;;;;0.0;3.39;3.0;;;;;;
2020;48;beauce_25_1;organique_beauce_25;CP;ble_tousSols_nonirr_organique;FERTI;0.0;;;;;;;;;;;;;;;;;;;;;;;
2020;139;beauce_26_1;organique_beauce_26;maisT;mais_tousSols_nonirr_organique;RECOLTE;0.58;0.0;2.66;;;;;;;;;;;;;0.0;1.93;3.78;;;;;;
2020;202;beauce_27_1;organique_beauce_27;maisT;mais_tousSols_nonirr_organique;RECOLTE;0.94;0.0;5.71;;;;;;;;;;;;;0.0;4.13;3.78;;;;;;
2020;139;beauce_27_1;organique_beauce_27;maisT;mais_tousSols_nonirr_organique;FERTI;0.0;;;;;;;;;;;;;;;;;;;;;;;
2020;183;beauce_27_1;organique_beauce_27;maisT;mais_tousSols_nonirr_organique;FERTI;0.0;;;;;;;;;;;;;;;;;;;;;;;
2020;262;beauce_28_1;mineral_beauce_28;maisT;mais_tousSols_nonirr_mineral;RECOLTE;0.49;0.0;7.42;;;;;;;;;;;;;0.0;5.37;3.78;;;;;;
2020;91;beauce_28_1;mineral_beauce_28;maisT;mais_tousSols_nonirr_mineral;FERTI;0.0;;;;;;;;;;;;;;;;;;;;;;;
2020;124;beauce_28_1;mineral_beauce_28;maisT;mais_tousSols_nonirr_mineral;FERTI;0.0;;;;;;;;;;;;;;;;;;;;;;;
2020;175;beauce_28_1;mineral_beauce_28;maisT;mais_tousSols_nonirr_mineral;FERTI;0.0;;;;;;;;;;;;;;;;;;;;;;;
2020;290;beauce_29_1;mineral_beauce_29;CP;ble_tousSols_nonirr_mineral;RECOLTE;1.09;0.0;5.03;;;;;;;;;;;;;0.0;4.45;3.0;;;;;;
2020;188;beauce_29_1;mineral_beauce_29;CP;ble_tousSols_nonirr_mineral;FERTI;0.0;;;;;;;;;;;;;;;;;;;;;;;
2020;213;beauce_30_1;mineral_beauce_30;maisT;mais_tousSols_nonirr_mineral;RECOLTE;0.42;0.0;5.66;;;;;;;;;;;;;0.0;4.1;3.78;;;;;;
2020;111;beauce_30_1;mineral_beauce_30;maisT;mais_tousSols_nonirr_mineral;FERTI;0.0;;;;;;;;;;;;;;;;;;;;;;;
2020;311;beauce_31_1;organique_beauce_31;CP;ble_tousSols_irr_organique;RECOLTE;1.43;0.0;4.43;;;;;;;;;;;;;0.0;3.92;3.0;;;;;;
2020;110;beauce_31_1;organique_beauce_31;CP;ble_tousSols_irr_organique;FERTI;0.0;;;;;;;;;;;;;;;;;;;;;;;
2020;152;beauce_31_1;organique_beauce_31;CP;ble_tousSols_irr_organique;FERTI;0.0;;;;;;;;;;;;;;;;;;;;;;;
2020;126;beauce_32_1;organique_beauce_32;maisT;mais_tousSols_irr_organique;RECOLTE;0.54;0.0;2.23;;;;;;;;;;;;;0.0;1.61;3.78;;;;;;
2020;17;beauce_32_1;organique_beauce_32;maisT;mais_tousSols_irr_organique;FERTI;0.0;;;;;;;;;;;;;;;;;;;;;;;
2020;53;beauce_32_1;organique_beauce_32;maisT;mais_tousSols_irr_organique;FERTI;0.0;;;;;;;;;;;;;;;;;;;;;;;
2020;197;beauce_33_1;organique_beauce_33;maisT;mais_tousSols_irr_organique;RECOLTE;0.44;0.0;6.03;;;;;;;;;;;;;0.0;4.36;3.78;;;;;;
2020;8;beauce_33_1;organique_beauce_33;maisT;mais_tousSols_irr_organique;FERTI;0.0;;;;;;;;;;;;;;;;;;;;;;;
2020;56;beauce_33_1;organique_beauce_33;maisT;mais_tousSols_irr_organique;FERTI;0.0;;;;;;;;;;;;;;;;;;;;;;;
2020;87;beauce_33_1;organique_beauce_33;maisT;mais_tousSols_irr_organique;FERTI;0.0;;;;;;;;;;;;;;;;;;;;;;;
2020;273;beauce_34_1;mineral_beauce_34;maisT;mais_tousSols_irr_mineral;RECOLTE;0.49;0.0;6.64;;;;;;;;;;;;;0.0;4.81;3.78;;;;;;
2020;79;beauce_34_1;mineral_beauce_34;maisT;mais_tousSols_irr_mineral;FERTI;0.0;;;;;;;;;;;;;;;;;;;;;;;
2020;102;beauce_34_1;mineral_beauce_34;maisT;mais_tousSols_irr_mineral;FERTI;0.0;;;;;;;;;;;;;;;;;;;;;;;
2020;129;beauce_35_1;mineral_beauce_35;CP;ble_tousSols_irr_mineral;RECOLTE;1.13;0.0;3.16;;;;;;;;;;;;;0.0;2.79;3.0;;;;;;
2020;318;beauce_36_1;mineral_beauce_36;maisT;mais_tousSols_irr_mineral;RECOLTE;0.9;0.0;6.67;;;;;;;;;;;;;0.0;4.83;3.78;;;;;;
2020;148;beauce_36_1;mineral_beauce_36;maisT;mais_tousSols_irr_mineral;FERTI;0.0;;;;;;;;;;;;;;;;;;;;;;;
2020;192;beauce_36_1;mineral_beauce_36;maisT;mais_tousSols_irr_mineral;FERTI;0.0;;;;;;;;;;;;;;;;;;;;;;;
2020;189;beauce_37_1;organique_beauce_37;CP;ble_tousSols_nonirr_organique;RECOLTE;0.85;0.0;4.57;;;;;;;;;;;;;0.0;4.04;3.0;;;;;;
2020;67;beauce_37_1;organique_beauce_37;CP;ble_tousSols_nonirr_organique;FERTI;0.0;;;;;;;;;;;;;;;;;;;;;;;
2020;88;beauce_37_1;organique_beauce_37;CP;ble_tousSols_nonirr_organique;FERTI;0.0;;;;;;;;;;;;;;;;;;;;;;;
2020;316;beauce_38_1;organique_beauce_38;maisT;mais_tousSols_nonirr_organique;RECOLTE;0.83;0.0;7.05;;;;;;;;;;;;;0.0;5.1;3.78;;;;;;
2020;151;beauce_38_1;organique_beauce_38;maisT;mais_tousSols_nonirr_organique;FERTI;0.0;;;;;;;;;;;;;;;;;;;;;;;
2020;169;beauce_38_1;organique_beauce_38;maisT;mais_tousSols_nonirr_organique;FERTI;0.0;;;;;;;;;;;;;;;;;;;;;;;
2020;208;beauce_38_1;organique_beauce_38;maisT;mais_tousSols_nonirr_organique;FERTI;0.0;;;;;;;;;;;;;;;;;;;;;;;
2020;186;beauce_39_1;organique_beauce_39;maisT;mais_tousSols_nonirr_organique;RECOLTE;0.5;0.0;4.17;;;;;;;;;;;;;0.0;3.02;3.78;;;;;;
2020;45;beauce_39_1;organique_beauce_39;maisT;mais_tousSols_nonirr_organique;FERTI;0.0;;;;;;;;;;;;;;;;;;;;;;;
2020;90;beauce_39_1;organique_beauce_39;maisT;mais_tousSols_nonirr_organique;FERTI;0.0;;;;;;;;;;;;;;;;;;;;;;;
2020;145;beauce_40_1;mineral_beauce_40;maisT;mais_tousSols_nonirr_mineral;RECOLTE;0.73;0.0;2.94;;;;;;;;;;;;;0.0;2.13;3.78;;;;;;
2020;227;beauce_41_1;mineral_beauce_41;CP;ble_tousSols_nonirr_mineral;RECOLTE;1.34;0.0;4.51;;;;;;;;;;;;;0.0;3.99;3.0;;;;;;
2020;135;beauce_41_1;mineral_beauce_41;CP;ble_tousSols_nonirr_mineral;FERTI;0.0;;;;;;;;;;;;;;;;;;;;;;;
2020;169;beauce_41_1;mineral_beauce_41;CP;ble_tousSols_nonirr_mineral;FERTI;0.0;;;;;;;;;;;;;;;;;;;;;;;
2020;220;beauce_42_1;mineral_beauce_42;maisT;mais_tousSols_nonirr_mineral;RECOLTE;0.84;0.0;5.6;;;;;;;;;;;;;0.0;4.06;3.78;;;;;;
2020;25;beauce_42_1;mineral_beauce_42;maisT;mais_tousSols_nonirr_mineral;FERTI;0.0;;;;;;;;;;;;;;;;;;;;;;;
2020;41;beauce_42_1;mineral_beauce_42;maisT;mais_tousSols_nonirr_mineral;FERTI;0.0;;;;;;;;;;;;;;;;;;;;;;;
2020;95;beauce_42_1;mineral_beauce_42;maisT;mais_tousSols_nonirr_mineral;FERTI;0.0;;;;;;;;;;;;;;;;;;;;;;;
2020;289;beauce_43_1;organique_beauce_43;CP;ble_tousSols_irr_organique;RECOLTE;0.57;0.0;4.62;;;;;;;;;;;;;0.0;4.09;3.0;;;;;;
2020;121;beauce_43_1;organique_beauce_43;CP;ble_tousSols_irr_organique;FERTI;0.0;;;;;;;;;;;;;;;;;;;;;;;
2020;153;beauce_43_1;organique_beauce_43;CP;ble_tousSols_irr_organique;FERTI;0.0;;;;;;;;;;;;;;;;;;;;;;;
2020;147;beauce_44_1;organique_beauce_44;maisT;mais_tousSols_irr_organique;RECOLTE;0.79;0.0;3.82;;;;;;;;;;;;;0.0;2.76;3.78;;;;;;
2020;122;beauce_44_1;organique_beauce_44;maisT;mais_tousSols_irr_organique;FERTI;0.0;;;;;;;;;;;;;;;;;;;;;;;
2020;276;beauce_45_1;organique_beauce_45;maisT;mais_tousSols_irr_organique;RECOLTE;0.87;0.0;7.19;;;;;;;;;;;;;0.0;5.21;3.78;;;;;;
2020;94;beauce_45_1;organique_beauce_45;maisT;mais_tousSols_irr_organique;FERTI;0.0;;;;;;;;;;;;;;;;;;;;;;;
2020;133;beauce_45_1;organique_beauce_45;maisT;mais_tousSols_irr_organique;FERTI;0.0;;;;;;;;;;;;;;;;;;;;;;;
2020;189;beauce_46_1;mineral_beauce_46;maisT;mais_tousSols_irr_mineral;RECOLTE;0.77;0.0;5.46;;;;;;;;;;;;;0.0;3.95;3.78;;;;;;
2020;79;beauce_46_1;mineral_beauce_46;maisT;mais_tousSols_irr_mineral;FERTI;0.0;;;;;;;;;;;;;;;;;;;;;;;
2020;116;beauce_46_1;mineral_beauce_46;maisT;mais_tousSols_irr_mineral;FERTI;0.0;;;;;;;;;;;;;;;;;;;;;;;
2020;136;beauce_47_1;mineral_beauce_47;CP;ble_tousSols_irr_mineral;RECOLTE;0.82;0.0;3.1;;;;;;;;;;;;;0.0;2.74;3.0;;;;;;
2020;119;beauce_48_1;mineral_beauce_48;maisT;mais_tousSols_irr_mineral;RECOLTE;0.81;0.0;2.21;;;;;;;;;;;;;0.0;1.6;3.78;;;;;;
2020;293;oceanique_7_1;organique_oceanique_7;orgeh;orgeH_tousSols_nonirr_organique;RECOLTE;0.68;0.0;5.06;;;;;;;;;;;;;0.0;4.13;1.91;;;;;;
2020;111;oceanique_7_1;organique_oceanique_7;orgeh;orgeH_tousSols_nonirr_organique;FERTI;0.0;;;;;;;;;;;;;;;;;;;;;;;
2020;161;oceanique_8_1;organique_oceanique_8;maisT;mais_tousSols_nonirr_organique;RECOLTE;0.72;0.0;4.78;;;;;;;;;;;;;0.0;3.46;3.78;;;;;;
2020;68;oceanique_8_1;organique_oceanique_8;maisT;mais_tousSols_nonirr_organique;FERTI;0.0;;;;;;;;;;;;;;;;;;;;;;;
2020;101;oceanique_9_1;organique_oceanique_9;maisT;mais_tousSols_nonirr_organique;RECOLTE;0.81;0.0;3.51;;;;;;;;;;;;;0.0;2.54;3.78;;;;;;
2020;41;oceanique_9_1;organique_oceanique_9;maisT;mais_tousSols_nonirr_organique;FERTI;0.0;;;;;;;;;;;;;;;;;;;;;;;
2020;48;oceanique_9_1;organique_oceanique_9;maisT;mais_tousSols_nonirr_organique;FERTI;0.0;;;;;;;;;;;;;;;;;;;;;;;
2020;152;oceanique_10_1;mineral_oceanique_10;maisT;mais_tousSols_nonirr_mineral;RECOLTE;0.84;0.0;2.29;;;;;;;;;;;;;0.0;1.66;3.78;;;;;;
2020;64;oceanique_10_1;mineral_oceanique_10;maisT;mais_tousSols_nonirr_mineral;FERTI;0.0;;;;;;;;;;;;;;;;;;;;;;;
2020;106;oceanique_11_1;mineral_oceanique_11;orgeh;orgeH_tousSols_nonirr_mineral;RECOLTE;1.03;0.0;3.58;;;;;;;;;;;;;0.0;2.93;1.91;;;;;;
2020;24;oceanique_11_1;mineral_oceanique_11;orgeh;orgeH_tousSols_nonirr_mineral;FERTI;0.0;;;;;;;;;;;;;;;;;;;;;;;
2020;126;oceanique_12_1;mineral_oceanique_12;maisT;mais_tousSols_nonirr_mineral;RECOLTE;0.9;0.0;1.93;;;;;;;;;;;;;0.0;1.4;3.78;;;;;;
2020;56;oceanique_12_1;mineral_oceanique_12;maisT;mais_tousSols_nonirr_mineral;FERTI;0.0;;;;;;;;;;;;;;;;;;;;;;;
2020;112;oceanique_13_1;organique_oceanique_13;orgeh;orgeH_tousSols_nonirr_organique;RECOLTE;0.86;0.0;3.49;;;;;;;;;;;;;0.0;2.85;1.91;;;;;;
2020;75;oceanique_13_1;organique_oceanique_13;orgeh;orgeH_tousSols_nonirr_organique;FERTI;0.0;;;;;;;;;;;;;;;;;;;;;;;
2020;109;oceanique_13_1;organique_oceanique_13;orgeh;orgeH_tousSols_nonirr_organique;FERTI;0.0;;;;;;;;;;;;;;;;;;;;;;;
2020;331;oceanique_14_1;organique_oceanique_14;maisT;mais_tousSols_nonirr_organique;RECOLTE;0.64;0.0;6.32;;;;;;;;;;;;;0.0;4.58;3.78;;;;;;
2020;77;oceanique_14_1;organique_oceanique_14;maisT;mais_tousSols_nonirr_organique;FERTI;0.0;;;;;;;;;;;;;;;;;;;;;;;
2020;109;oceanique_14_1;organique_oceanique_14;maisT;mais_tousSols_nonirr_organique;FERTI;0.0;;;;;;;;;;;;;;;;;;;;;;;
2020;160;oceanique_14_1;organique_oceanique_14;maisT;mais_tousSols_nonirr_organique;FERTI;0.0;;;;;;;;;;;;;;;;;;;;;;;
2020;226;oceanique_15_1;organique_oceanique_15;maisT;mais_tousSols_nonirr_organique;RECOLTE;0.53;0.0;5.03;;;;;;;;;;;;;0.0;3.64;3.78;;;;;;
2020;177;oceanique_15_1;organique_oceanique_15;maisT;mais_tousSols_nonirr_organique;FERTI;0.0;;;;;;;;;;;;;;;;;;;;;;;
2020;187;oceanique_16_1;mineral_oceanique_16;maisT;mais_tousSols_nonirr_mineral;RECOLTE;0.75;0.0;4.35;;;;;;;;;;;;;0.0;3.15;3.78;;;;;;
2020;128;oceanique_16_1;mineral_oceanique_16;maisT;mais_tousSols_nonirr_mineral;FERTI;0.0;;;;;;;;;;;;;;;;;;;;;;;
2020;347;oceanique_17_1;mineral_oceanique_17;orgeh;orgeH_tousSols_nonirr_mineral;RECOLTE;0.87;0.0;4.82;;;;;;;;;;;;;0.0;3.94;1.91;;;;;;
2020;132;oceanique_17_1;mineral_oceanique_17;orgeh;orgeH_tousSols_nonirr_mineral;FERTI;0.0;;;;;;;;;;;;;;;;;;;;;;;
2020;178;oceanique_17_1;mineral_oceanique_17;orgeh;orgeH_tousSols_nonirr_mineral;FERTI;0.0;;;;;;;;;;;;;;;;;;;;;;;
2020;132;oceanique_18_1;mineral_oceanique_18;maisT;mais_tousSols_nonirr_mineral;RECOLTE;0.52;0.0;1.99;;;;;;;;;;;;;0.0;1.44;3.78;;;;;;
2020;226;oceanique_19_1;organique_oceanique_19;orgeh;orgeH_tousSols_nonirr_organique;RECOLTE;0.55;0.0;4.14;;;;;;;;;;;;;0.0;3.38;1.91;;;;;;
2020;147;oceanique_19_1;organique_oceanique_19;orgeh;orgeH_tousSols_nonirr_organique;FERTI;0.0;;;;;;;;;;;;;;;;;;;;;;;
2020;354;oceanique_20_1;organique_oceanique_20;maisT;mais_tousSols_nonirr_organique;RECOLTE;0.48;0.0;6.95;;;;;;;;;;;;;0.0;5.04;3.78;;;;;;
2020;118;oceanique_20_1;organique_oceanique_20;maisT;mais_tousSols_nonirr_organique;FERTI;0.0;;;;;;;;;;;;;;;;;;;;;;;
2020;173;oceanique_20_1;organique_oceanique_20;maisT;mais_tousSols_nonirr_organique;FERTI;0.0;;;;;;;;;;;;;;;;;;;;;;;
2020;221;oceanique_20_1;organique_oceanique_20;maisT;mais_tousSols_nonirr_organique;FERTI;0.0;;;;;;;;;;;;;;;;;;;;;;;
2020;349;oceanique_21_1;organique_oceanique_21;maisT;mais_tousSols_nonirr_organique;RECOLTE;0.85;0.0;6.69;;;;;;;;;;;;;0.0;4.84;3.78;;;;;;
2020;102;oceanique_21_1;organique_oceanique_21;maisT;mais_tousSols_nonirr_organique;FERTI;0.0;;;;;;;;;;;;;;;;;;;;;;;
2020;139;oceanique_21_1;organique_oceanique_21;maisT;mais_tousSols_nonirr_organique;FERTI;0.0;;;;;;;;;;;;;;;;;;;;;;;
2020;177;oceanique_21_1;organique_oceanique_21;maisT;mais_tousSols_nonirr_organique;FERTI;0.0;;;;;;;;;;;;;;;;;;;;;;;
2020;173;oceanique_22_1;mineral_oceanique_22;maisT;mais_tousSols_nonirr_mineral;RECOLTE;0.75;0.0;2.98;;;;;;;;;;;;;0.0;2.15;3.78;;;;;;
2020;89;oceanique_22_1;mineral_oceanique_22;maisT;mais_tousSols_nonirr_mineral;FERTI;0.0;;;;;;;;;;;;;;;;;;;;;;;
2020;91;oceanique_22_1;mineral_oceanique_22;maisT;mais_tousSols_nonirr_mineral;FERTI;0.0;;;;;;;;;;;;;;;;;;;;;;;
2020;136;oceanique_23_1;mineral_oceanique_23;orgeh;orgeH_tousSols_nonirr_mineral;RECOLTE;0.68;0.0;4.42;;;;;;;;;;;;;0.0;3.61;1.91;;;;;;
2020;52;oceanique_23_1;mineral_oceanique_23;orgeh;orgeH_tousSols_nonirr_mineral;FERTI;0.0;;;;;;;;;;;;;;;;;;;;;;;
2020;89;oceanique_23_1;mineral_oceanique_23;orgeh;orgeH_tousSols_nonirr_mineral;FERTI;0.0;;;;;;;;;;;;;;;;;;;;;;;
2020;171;oceanique_24_1;mineral_oceanique_24;maisT;mais_tousSols_nonirr_mineral;RECOLTE;0.79;0.0;4.07;;;;;;;;;;;;;0.0;2.94;3.78;;;;;;
2020;22;oceanique_24_1;mineral_oceanique_24;maisT;mais_tousSols_nonirr_mineral;FERTI;0.0;;;;;;;;;;;;;;;;;;;;;;;
2020;25;oceanique_24_1;mineral_oceanique_24;maisT;mais_tousSols_nonirr_mineral;FERTI;0.0;;;;;;;;;;;;;;;;;;;;;;;
2020;35;oceanique_24_1;mineral_oceanique_24;maisT;mais_tousSols_nonirr_mineral;FERTI;0.0;;;;;;;;;;;;;;;;;;;;;;;
2020;298;sudouest_25_1;organique_sudouest_25;CP;ble_tousSols_nonirr_organique;RECOLTE;0.77;0.0;3.51;;;;;;;;;;;;;0.0;3.1;3.0;;;;;;
2020;78;sudouest_25_1;organique_sudouest_25;CP;ble_tousSols_nonirr_organique;FERTI;0.0;;;;;;;;;;;;;;;;;;;;;;;
2020;102;sudouest_25_1;organique_sudouest_25;CP;ble_tousSols_nonirr_organique;FERTI;0.0;;;;;;;;;;;;;;;;;;;;;;;
2020;295;sudouest_26_1;organique_sudouest_26;orgeh;orgeH_tousSols_nonirr_organique;RECOLTE;0.76;0.0;3.8;;;;;;;;;;;;;0.0;3.1;1.91;;;;;;
2020;155;sudouest_26_1;organique_sudouest_26;orgeh;orgeH_tousSols_nonirr_organique;FERTI;0.0;;;;;;;;;;;;;;;;;;;;;;;
2020;192;sudouest_26_1;organique_sudouest_26;orgeh;orgeH_tousSols_nonirr_organique;FERTI;0.0;;;;;;;;;;;;;;;;;;;;;;;
2020;195;sudouest_26_1;organique_sudouest_26;orgeh;orgeH_tousSols_nonirr_organique;FERTI;0.0;;;;;;;;;;;;;;;;;;;;;;;
2020;191;sudouest_27_1;mineral_sudouest_27;CP;ble_tousSols_nonirr_mineral;RECOLTE;1.2;0.0;3.98;;;;;;;;;;;;;0.0;3.52;3.0;;;;;;
2020;109;sudouest_27_1;mineral_sudouest_27;CP;ble_tousSols_nonirr_mineral;FERTI;0.0;;;;;;;;;;;;;;;;;;;;;;;
2020;149;sudouest_27_1;mineral_sudouest_27;CP;ble_tousSols_nonirr_mineral;FERTI;0.0;;;;;;;;;;;;;;;;;;;;;;;
2020;147;sudouest_28_1;mineral_sudouest_28;orgeh;orgeH_tousSols_nonirr_mineral;RECOLTE;0.44;0.0;3.37;;;;;;;;;;;;;0.0;2.75;1.91;;;;;;
2020;295;sudouest_29_1;organique_sudouest_29;CP;ble_tousSols_irr_organique;RECOLTE;1.17;0.0;4.5;;;;;;;;;;;;;0.0;3.98;3.0;;;;;;
2020;128;sudouest_29_1;organique_sudouest_29;CP;ble_tousSols_irr_organique;FERTI;0.0;;;;;;;;;;;;;;;;;;;;;;;
2020;137;sudouest_29_1;organique_sudouest_29;CP;ble_tousSols_irr_organique;FERTI;0.0;;;;;;;;;;;;;;;;;;;;;;;
2020;123;sudouest_30_1;organique_sudouest_30;orgeh;orgeH_tousSols_irr_organique;RECOLTE;0.97;0.0;4.28;;;;;;;;;;;;;0.0;3.5;1.91;;;;;;
2020;139;sudouest_31_1;mineral_sudouest_31;CP;ble_tousSols_irr_mineral;RECOLTE;1.05;0.0;3.52;;;;;;;;;;;;;0.0;3.12;3.0;;;;;;
2020;133;sudouest_32_1;mineral_sudouest_32;orgeh;orgeH_tousSols_irr_mineral;RECOLTE;0.55;0.0;5.71;;;;;;;;;;;;;0.0;4.66;1.91;;;;;;
2020;17;sudouest_32_1;mineral_sudouest_32;orgeh;orgeH_tousSols_irr_mineral;FERTI;0.0;;;;;;;;;;;;;;;;;;;;;;;
2020;317;sudouest_33_1;organique_sudouest_33;CP;ble_tousSols_nonirr_organique;RECOLTE;1.0;0.0;4.5;;;;;;;;;;;;;0.0;3.98;3.0;;;;;;
2020;150;sudouest_33_1;organique_sudouest_33;CP;ble_tousSols_nonirr_organique;FERTI;0.0;;;;;;;;;;;;;;;;;;;;;;;
2020;109;sudouest_34_1;organique_sudouest_34;orgeh;orgeH_tousSols_nonirr_organique;RECOLTE;0.66;0.0;5.27;;;;;;;;;;;;;0.0;4.3;1.91;;;;;;
2020;43;sudouest_34_1;organique_sudouest_34;orgeh;orgeH_tousSols_nonirr_organique;FERTI;0.0;;;;;;;;;;;;;;;;;;;;;;;
2020;125;sudouest_35_1;mineral_sudouest_35;CP;ble_tousSols_nonirr_mineral;RECOLTE;0.56;0.0;3.68;;;;;;;;;;;;;0.0;3.26;3.0;;;;;;
2020;79;sudouest_35_1;mineral_sudouest_35;CP;ble_tousSols_nonirr_mineral;FERTI;0.0;;;;;;;;;;;;;;;;;;;;;;;
2020;125;sudouest_36_1;mineral_sudouest_36;orgeh;orgeH_tousSols_nonirr_mineral;RECOLTE;0.88;0.0;4.17;;;;;;;;;;;;;0.0;3.41;1.91;;;;;;
2020;202;sudouest_37_1;organique_sudouest_37;CP;ble_tousSols_irr_organique;RECOLTE;0.97;0.0;3.86;;;;;;;;;;;;;0.0;3.41;3.0;;;;;;
2020;98;sudouest_37_1;organique_sudouest_37;CP;ble_tousSols_irr_organique;FERTI;0.0;;;;;;;;;;;;;;;;;;;;;;;
2020;104;sudouest_37_1;organique_sudouest_37;CP;ble_tousSols_irr_organique;FERTI;0.0;;;;;;;;;;;;;;;;;;;;;;;
2020;244;sudouest_38_1;organique_sudouest_38;orgeh;orgeH_tousSols_irr_organique;RECOLTE;0.87;0.0;3.87;;;;;;;;;;;;;0.0;3.16;1.91;;;;;;
2020;60;sudouest_38_1;organique_sudouest_38;orgeh;orgeH_tousSols_irr_organique;FERTI;0.0;;;;;;;;;;;;;;;;;;;;;;;
2020;182;sudouest_39_1;mineral_sudouest_39;CP;ble_tousSols_irr_mineral;RECOLTE;1.26;0.0;3.8;;;;;;;;;;;;;0.0;3.36;3.0;;;;;;
2020;48;sudouest_39_1;mineral_sudouest_39;CP;ble_tousSols_irr_mineral;FERTI;0.0;;;;;;;;;;;;;;;;;;;;;;;
2020;84;sudouest_39_1;mineral_sudouest_39;CP;ble_tousSols_irr_mineral;FERTI;0.0;;;;;;;;;;;;;;;;;;;;;;;
2020;194;sudouest_40_1;mineral_sudouest_40;orgeh;orgeH_tousSols_irr_mineral;RECOLTE;0.49;0.0;3.81;;;;;;;;;;;;;0.0;3.11;1.91;;;;;;
2020;141;sudouest_40_1;mineral_sudouest_40;orgeh;orgeH_tousSols_irr_mineral;FERTI;0.0;;;;;;;;;;;;;;;;;;;;;;;
2020;159;sudouest_40_1;mineral_sudouest_40;orgeh;orgeH_tousSols_irr_mineral;FERTI;0.0;;;;;;;;;;;;;;;;;;;;;;;
2020;171;sudouest_40_1;mineral_sudouest_40;orgeh;orgeH_tousSols_irr_mineral;FERTI;0.0;;;;;;;;;;;;;;;;;;;;;;;
2020;241;sudouest_41_1;organique_sudouest_41;CP;ble_tousSols_nonirr_organique;RECOLTE;0.74;0.0;3.79;;;;;;;;;;;;;0.0;3.35;3.0;;;;;;
2020;120;sudouest_41_1;organique_sudouest_41;CP;ble_tousSols_nonirr_organique;FERTI;0.0;;;;;;;;;;;;;;;;;;;;;;;
2020;155;sudouest_42_1;organique_sudouest_42;orgeh;orgeH_tousSols_nonirr_organique;RECOLTE;0.97;0.0;3.59;;;;;;;;;;;;;0.0;2.93;1.91;;;;;;
2020;103;sudouest_43_1;mineral_sudouest_43;CP;ble_tousSols_nonirr_mineral;RECOLTE;1.06;0.0;3.77;;;;;;;;;;;;;0.0;3.34;3.0;;;;;;
2020;272;sudouest_44_1;mineral_sudouest_44;orgeh;orgeH_tousSols_nonirr_mineral;RECOLTE;0.88;0.0;4.07;;;;;;;;;;;;;0.0;3.32;1.91;;;;;;
2020;183;sudouest_44_1;mineral_sudouest_44;orgeh;orgeH_tousSols_nonirr_mineral;FERTI;0.0;;;;;;;;;;;;;;;;;;;;;;;
2020;96;sudouest_45_1;organique_sudouest_45;CP;ble_tousSols_irr_organique;RECOLTE;0.57;0.0;3.81;;;;;;;;;;;;;0.0;3.37;3.0;;;;;;
2020;111;sudouest_46_1;organique_sudouest_46;orgeh;orgeH_tousSols_irr_organique;RECOLTE;0.69;0.0;4.16;;;;;;;;;;;;;0.0;3.39;1.91;;;;;;
2020;154;sudouest_47_1;mineral_sudouest_47;CP;ble_tousSols_irr_mineral;RECOLTE;1.17;0.0;3.61;;;;;;;;;;;;;0.0;3.2;3.0;;;;;;
2020;57;sudouest_47_1;mineral_sudouest_47;CP;ble_tousSols_irr_mineral;FERTI;0.0;;;;;;;;;;;;;;;;;;;;;;;
2020;98;sudouest_47_1;mineral_sudouest_47;CP;ble_tousSols_irr_mineral;FERTI;0.0;;;;;;;;;;;;;;;;;;;;;;;
2020;144;sudouest_47_1;mineral_sudouest_47;CP;ble_tousSols_irr_mineral;FERTI;0.0;;;;;;;;;;;;;;;;;;;;;;;
2020;147;sudouest_48_1;mineral_sudouest_48;orgeh;orgeH_tousSols_irr_mineral;RECOLTE;0.93;0.0;3.49;;;;;;;;;;;;;0.0;2.85;1.91;;;;;;
2020;254;copie_sudouest_2_1;mineral_sudouest_2;maisT;mais_tousSols_nonirr_mineral;RECOLTE;0.71;0.0;6.25;;;;;;;;;;;;;0.0;4.53;3.78;;;;;;
2020;42;copie_sudouest_2_1;mineral_sudouest_2;maisT;mais_tousSols_nonirr_mineral;FERTI;0.0;;;;;;;;;;;;;;;;;;;;;;;
2020;87;copie_sudouest_2_1;mineral_sudouest_2;maisT;mais_tousSols_nonirr_mineral;FERTI;0.0;;;;;;;;;;;;;;;;;;;;;;;
2020;97;copie_sudouest_2_1;mineral_sudouest_2;maisT;mais_tousSols_nonirr_mineral;FERTI;0.0;;;;;;;;;;;;;;;;;;;;;;;
2020;61;copie_beauce_8_1;mineral_pp_lolium_irr;loliumPerenne;loliumPerenne_TousSols_irr_min;FERTI;0.0;;;;;;;;;;;;;;;;;;;;;;;
2020;99;copie_beauce_8_1;mineral_pp_lolium_irr;loliumPerenne;loliumPerenne_TousSols_irr_min;FERTI;0.0;;;;;;;;;;;;;;;;;;;;;;;
2020;174;copie_oceanique_1_1;organique_oceanique_1;CP;ble_tousSols_nonirr_organique;RECOLTE;0.77;0.0;4.3;;;;;;;;;;;;;0.0;3.8;3.0;;;;;;
2020;86;copie_oceanique_1_1;organique_oceanique_1;CP;ble_tousSols_nonirr_organique;FERTI;0.0;;;;;;;;;;;;;;;;;;;;;;;
2020;87;copie_oceanique_1_1;organique_oceanique_1;CP;ble_tousSols_nonirr_organique;FERTI;0.0;;;;;;;;;;;;;;;;;;;;;;;
2020;186;copie_oceanique_5_1;organique_oceanique_5;CP;ble_tousSols_nonirr_organique;RECOLTE;0.88;0.0;4.53;;;;;;;;;;;;;0.0;4.01;3.0;;;;;;
2020;38;copie_oceanique_5_1;organique_oceanique_5;CP;ble_tousSols_nonirr_organique;FERTI;0.0;;;;;;;;;;;;;;;;;;;;;;;
2020;129;copie_sudouest_18_1;mineral_sudouest_18;maisT;mais_tousSols_nonirr_mineral;RECOLTE;0.45;0.0;5.28;;;;;;;;;;;;;0.0;3.82;3.78;;;;;;
2020;20;copie_sudouest_18_1;mineral_sudouest_18;maisT;mais_tousSols_nonirr_mineral;FERTI;0.0;;;;;;;;;;;;;;;;;;;;;;;
2020;77;copie_sudouest_18_1;mineral_sudouest_18;maisT;mais_tousSols_nonirr_mineral;FERTI;0.0;;;;;;;;;;;;;;;;;;;;;;;
2020;292;copie_sudouest_22_1;mineral_sudouest_22;maisT;mais_tousSols_nonirr_mineral;RECOLTE;0.66;0.0;6.56;;;;;;;;;;;;;0.0;4.75;3.78;;;;;;
2020;144;copie_sudouest_22_1;mineral_sudouest_22;maisT;mais_tousSols_nonirr_mineral;FERTI;0.0;;;;;;;;;;;;;;;;;;;;;;;
2020;208;copie_beauce_10_1;mineral_beauce_10;orgeh;orgeH_tousSols_nonirr_mineral;RECOLTE;0.53;0.0;4.84;;;;;;;;;;;;;0.0;3.95;1.91;;;;;;
2020;112;copie_beauce_10_1;mineral_beauce_10;orgeh;orgeH_tousSols_nonirr_mineral;FERTI;0.0;;;;;;;;;;;;;;;;;;;;;;;
2020;158;copie_beauce_10_1;mineral_beauce_10;orgeh;orgeH_tousSols_nonirr_mineral;FERTI;0.0;;;;;;;;;;;;;;;;;;;;;;;
2020;177;copie_beauce_10_1;mineral_beauce_10;orgeh;orgeH_tousSols_nonirr_mineral;FERTI;0.0;;;;;;;;;;;;;;;;;;;;;;;
2020;114;copie_beauce_44_1;organique_beauce_44;maisT;mais_tousSols_irr_organique;RECOLTE;0.79;0.0;2.38;;;;;;;;;;;;;0.0;1.73;3.78;;;;;;
2020;201;copie_oceanique_14_1;organique_oceanique_14;maisT;mais_tousSols_nonirr_organique;RECOLTE;0.64;0.0;5.11;;;;;;;;;;;;;0.0;3.7;3.78;;;;;;
2020;112;copie_oceanique_14_1;organique_oceanique_14;maisT;mais_tousSols_nonirr_organique;FERTI;0.0;;;;;;;;;;;;;;;;;;;;;;;
2021;31;sudouest_8_1;mineral_sudouest_8;maisT;mais_tousSols_irr_mineral;RECOLTE;0.37;0.0;6.11;;;;;;;;;;;;;0.0;4.43;3.78;;;;;;
2021;2;sudouest_22_1;mineral_sudouest_22;maisT;mais_tousSols_nonirr_mineral;RECOLTE;0.66;0.0;6.21;;;;;;;;;;;;;0.0;4.49;3.78;;;;;;
